minute,h_name,h_score,h_xG,h_0,h_1,h_2,h_3,h_4,a_name,a_score,a_xG,a_0,a_1,a_2,a_3,a_4,code
0,Leeds,0,0.0,1.0,0.0,0.0,0.0,0.0,Everton,0,0.0,1.0,0.0,0.0,0.0,0.0,LEDEVE20250818
0,Leeds,0,0.0,1.0,0.0,0.0,0.0,0.0,Everton,0,0.0,1.0,0.0,0.0,0.0,0.0,LEDEVE20250818
0,Leeds,0,0.0,1.0,0.0,0.0,0.0,0.0,Everton,0,0.0,1.0,0.0,0.0,0.0,0.0,LEDEVE20250818
0,Leeds,0,0.0,1.0,0.0,0.0,0.0,0.0,Everton,0,0.0,1.0,0.0,0.0,0.0,0.0,LEDEVE20250818
0,Leeds,0,0.0,1.0,0.0,0.0,0.0,0.0,Everton,0,0.0,1.0,0.0,0.0,0.0,0.0,LEDEVE20250818
1,Leeds,0,0.0,1.0,0.0,0.0,0.0,0.0,Everton,0,0.0,1.0,0.0,0.0,0.0,0.0,LEDEVE20250818
1,Leeds,0,0.0,1.0,0.0,0.0,0.0,0.0,Everton,0,0.0,1.0,0.0,0.0,0.0,0.0,LEDEVE20250818
1,Leeds,0,0.0,1.0,0.0,0.0,0.0,0.0,Everton,0,0.0,1.0,0.0,0.0,0.0,0.0,LEDEVE20250818
1,Leeds,0,0.0,1.0,0.0,0.0,0.0,0.0,Everton,0,0.0,1.0,0.0,0.0,0.0,0.0,LEDEVE20250818
1,Leeds,0,0.0,1.0,0.0,0.0,0.0,0.0,Everton,0,0.0,1.0,0.0,0.0,0.0,0.0,LEDEVE20250818
2,Leeds,0,0.0,1.0,0.0,0.0,0.0,0.0,Everton,0,0.0,1.0,0.0,0.0,0.0,0.0,LEDEVE20250818
2,Leeds,0,0.0,1.0,0.0,0.0,0.0,0.0,Everton,0,0.0,1.0,0.0,0.0,0.0,0.0,LEDEVE20250818
2,Leeds,0,0.0,1.0,0.0,0.0,0.0,0.0,Everton,0,0.0,1.0,0.0,0.0,0.0,0.0,LEDEVE20250818
2,Leeds,0,0.0,1.0,0.0,0.0,0.0,0.0,Everton,0,0.0,1.0,0.0,0.0,0.0,0.0,LEDEVE20250818
2,Leeds,0,0.0,1.0,0.0,0.0,0.0,0.0,Everton,0,0.0,1.0,0.0,0.0,0.0,0.0,LEDEVE20250818
3,Leeds,0,0.0,1.0,0.0,0.0,0.0,0.0,Everton,0,0.0,1.0,0.0,0.0,0.0,0.0,LEDEVE20250818
3,Leeds,0,0.0,1.0,0.0,0.0,0.0,0.0,Everton,0,0.0,1.0,0.0,0.0,0.0,0.0,LEDEVE20250818
3,Leeds,0,0.0,1.0,0.0,0.0,0.0,0.0,Everton,0,0.0,1.0,0.0,0.0,0.0,0.0,LEDEVE20250818
3,Leeds,0,0.0,1.0,0.0,0.0,0.0,0.0,Everton,0,0.0,1.0,0.0,0.0,0.0,0.0,LEDEVE20250818
3,Leeds,0,0.0,1.0,0.0,0.0,0.0,0.0,Everton,0,0.0,1.0,0.0,0.0,0.0,0.0,LEDEVE20250818
4,Leeds,0,0.4093262255191803,0.9181347548961639,0.08186524510383605,0.0,0.0,0.0,Everton,0,0.0,1.0,0.0,0.0,0.0,0.0,LEDEVE20250818
4,Leeds,0,0.4093262255191803,0.8362695097923278,0.1637304902076721,0.0,0.0,0.0,Everton,0,0.0,1.0,0.0,0.0,0.0,0.0,LEDEVE20250818
4,Leeds,0,0.4093262255191803,0.7544042646884919,0.24559573531150816,0.0,0.0,0.0,Everton,0,0.0,1.0,0.0,0.0,0.0,0.0,LEDEVE20250818
4,Leeds,0,0.4093262255191803,0.6725390195846558,0.3274609804153442,0.0,0.0,0.0,Everton,0,0.0,1.0,0.0,0.0,0.0,0.0,LEDEVE20250818
4,Leeds,0,0.4093262255191803,0.5906737744808197,0.4093262255191803,0.0,0.0,0.0,Everton,0,0.0,1.0,0.0,0.0,0.0,0.0,LEDEVE20250818
5,Leeds,0,0.4093262255191803,0.5906737744808197,0.4093262255191803,0.0,0.0,0.0,Everton,0,0.0,1.0,0.0,0.0,0.0,0.0,LEDEVE20250818
5,Leeds,0,0.4093262255191803,0.5906737744808197,0.4093262255191803,0.0,0.0,0.0,Everton,0,0.0,1.0,0.0,0.0,0.0,0.0,LEDEVE20250818
5,Leeds,0,0.4093262255191803,0.5906737744808197,0.4093262255191803,0.0,0.0,0.0,Everton,0,0.0,1.0,0.0,0.0,0.0,0.0,LEDEVE20250818
5,Leeds,0,0.4093262255191803,0.5906737744808197,0.4093262255191803,0.0,0.0,0.0,Everton,0,0.0,1.0,0.0,0.0,0.0,0.0,LEDEVE20250818
5,Leeds,0,0.4093262255191803,0.5906737744808197,0.4093262255191803,0.0,0.0,0.0,Everton,0,0.0,1.0,0.0,0.0,0.0,0.0,LEDEVE20250818
6,Leeds,0,0.4093262255191803,0.5906737744808197,0.4093262255191803,0.0,0.0,0.0,Everton,0,0.0,1.0,0.0,0.0,0.0,0.0,LEDEVE20250818
6,Leeds,0,0.4093262255191803,0.5906737744808197,0.4093262255191803,0.0,0.0,0.0,Everton,0,0.0,1.0,0.0,0.0,0.0,0.0,LEDEVE20250818
6,Leeds,0,0.4093262255191803,0.5906737744808197,0.4093262255191803,0.0,0.0,0.0,Everton,0,0.0,1.0,0.0,0.0,0.0,0.0,LEDEVE20250818
6,Leeds,0,0.4093262255191803,0.5906737744808197,0.4093262255191803,0.0,0.0,0.0,Everton,0,0.0,1.0,0.0,0.0,0.0,0.0,LEDEVE20250818
6,Leeds,0,0.4093262255191803,0.5906737744808197,0.4093262255191803,0.0,0.0,0.0,Everton,0,0.0,1.0,0.0,0.0,0.0,0.0,LEDEVE20250818
7,Leeds,0,0.4093262255191803,0.5906737744808197,0.4093262255191803,0.0,0.0,0.0,Everton,0,0.0,1.0,0.0,0.0,0.0,0.0,LEDEVE20250818
7,Leeds,0,0.4093262255191803,0.5906737744808197,0.4093262255191803,0.0,0.0,0.0,Everton,0,0.0,1.0,0.0,0.0,0.0,0.0,LEDEVE20250818
7,Leeds,0,0.4093262255191803,0.5906737744808197,0.4093262255191803,0.0,0.0,0.0,Everton,0,0.0,1.0,0.0,0.0,0.0,0.0,LEDEVE20250818
7,Leeds,0,0.4093262255191803,0.5906737744808197,0.4093262255191803,0.0,0.0,0.0,Everton,0,0.0,1.0,0.0,0.0,0.0,0.0,LEDEVE20250818
7,Leeds,0,0.4093262255191803,0.5906737744808197,0.4093262255191803,0.0,0.0,0.0,Everton,0,0.0,1.0,0.0,0.0,0.0,0.0,LEDEVE20250818
8,Leeds,0,0.4093262255191803,0.5906737744808197,0.4093262255191803,0.0,0.0,0.0,Everton,0,0.0,1.0,0.0,0.0,0.0,0.0,LEDEVE20250818
8,Leeds,0,0.4093262255191803,0.5906737744808197,0.4093262255191803,0.0,0.0,0.0,Everton,0,0.0,1.0,0.0,0.0,0.0,0.0,LEDEVE20250818
8,Leeds,0,0.4093262255191803,0.5906737744808197,0.4093262255191803,0.0,0.0,0.0,Everton,0,0.0,1.0,0.0,0.0,0.0,0.0,LEDEVE20250818
8,Leeds,0,0.4093262255191803,0.5906737744808197,0.4093262255191803,0.0,0.0,0.0,Everton,0,0.0,1.0,0.0,0.0,0.0,0.0,LEDEVE20250818
8,Leeds,0,0.4093262255191803,0.5906737744808197,0.4093262255191803,0.0,0.0,0.0,Everton,0,0.0,1.0,0.0,0.0,0.0,0.0,LEDEVE20250818
9,Leeds,0,0.4336450956761837,0.5878008707154705,0.41020825901847807,0.0019908702660514474,0.0,0.0,Everton,0,0.0,1.0,0.0,0.0,0.0,0.0,LEDEVE20250818
9,Leeds,0,0.4336450956761837,0.5849279669501213,0.41109029251777585,0.003981740532102895,0.0,0.0,Everton,0,0.0,1.0,0.0,0.0,0.0,0.0,LEDEVE20250818
9,Leeds,0,0.4336450956761837,0.582055063184772,0.4119723260170737,0.005972610798154343,0.0,0.0,Everton,0,0.0,1.0,0.0,0.0,0.0,0.0,LEDEVE20250818
9,Leeds,0,0.4336450956761837,0.5791821594194227,0.41285435951637145,0.00796348106420579,0.0,0.0,Everton,0,0.0,1.0,0.0,0.0,0.0,0.0,LEDEVE20250818
9,Leeds,0,0.4336450956761837,0.5763092556540735,0.4137363930156692,0.009954351330257237,0.0,0.0,Everton,0,0.0,1.0,0.0,0.0,0.0,0.0,LEDEVE20250818
10,Leeds,0,0.4336450956761837,0.5763092556540735,0.4137363930156692,0.009954351330257237,0.0,0.0,Everton,0,0.0,1.0,0.0,0.0,0.0,0.0,LEDEVE20250818
10,Leeds,0,0.4336450956761837,0.5763092556540735,0.4137363930156692,0.009954351330257237,0.0,0.0,Everton,0,0.0,1.0,0.0,0.0,0.0,0.0,LEDEVE20250818
10,Leeds,0,0.4336450956761837,0.5763092556540735,0.4137363930156692,0.009954351330257237,0.0,0.0,Everton,0,0.0,1.0,0.0,0.0,0.0,0.0,LEDEVE20250818
10,Leeds,0,0.4336450956761837,0.5763092556540735,0.4137363930156692,0.009954351330257237,0.0,0.0,Everton,0,0.0,1.0,0.0,0.0,0.0,0.0,LEDEVE20250818
10,Leeds,0,0.4336450956761837,0.5763092556540735,0.4137363930156692,0.009954351330257237,0.0,0.0,Everton,0,0.0,1.0,0.0,0.0,0.0,0.0,LEDEVE20250818
11,Leeds,0,0.4336450956761837,0.5763092556540735,0.4137363930156692,0.009954351330257237,0.0,0.0,Everton,0,0.0,1.0,0.0,0.0,0.0,0.0,LEDEVE20250818
11,Leeds,0,0.4336450956761837,0.5763092556540735,0.4137363930156692,0.009954351330257237,0.0,0.0,Everton,0,0.0,1.0,0.0,0.0,0.0,0.0,LEDEVE20250818
11,Leeds,0,0.4336450956761837,0.5763092556540735,0.4137363930156692,0.009954351330257237,0.0,0.0,Everton,0,0.0,1.0,0.0,0.0,0.0,0.0,LEDEVE20250818
11,Leeds,0,0.4336450956761837,0.5763092556540735,0.4137363930156692,0.009954351330257237,0.0,0.0,Everton,0,0.0,1.0,0.0,0.0,0.0,0.0,LEDEVE20250818
11,Leeds,0,0.4336450956761837,0.5763092556540735,0.4137363930156692,0.009954351330257237,0.0,0.0,Everton,0,0.0,1.0,0.0,0.0,0.0,0.0,LEDEVE20250818
12,Leeds,0,0.4484037337824702,0.5746081477057732,0.4142162638247859,0.011146205935667734,2.9382533773219632e-05,0.0,Everton,0,0.0,1.0,0.0,0.0,0.0,0.0,LEDEVE20250818
12,Leeds,0,0.4484037337824702,0.5729070397574728,0.41469613463390254,0.01233806054107823,5.8765067546439264e-05,0.0,Everton,0,0.0,1.0,0.0,0.0,0.0,0.0,LEDEVE20250818
12,Leeds,0,0.4484037337824702,0.5712059318091725,0.41517600544301914,0.013529915146488727,8.81476013196589e-05,0.0,Everton,0,0.0,1.0,0.0,0.0,0.0,0.0,LEDEVE20250818
12,Leeds,0,0.4484037337824702,0.5695048238608721,0.4156558762521358,0.014721769751899224,0.00011753013509287853,0.0,Everton,0,0.0,1.0,0.0,0.0,0.0,0.0,LEDEVE20250818
12,Leeds,0,0.4484037337824702,0.5678037159125717,0.41613574706125245,0.01591362435730972,0.00014691266886609816,0.0,Everton,0,0.0,1.0,0.0,0.0,0.0,0.0,LEDEVE20250818
13,Leeds,0,0.4484037337824702,0.5678037159125717,0.41613574706125245,0.01591362435730972,0.00014691266886609816,0.0,Everton,0,0.0,1.0,0.0,0.0,0.0,0.0,LEDEVE20250818
13,Leeds,0,0.4484037337824702,0.5678037159125717,0.41613574706125245,0.01591362435730972,0.00014691266886609816,0.0,Everton,0,0.0,1.0,0.0,0.0,0.0,0.0,LEDEVE20250818
13,Leeds,0,0.4484037337824702,0.5678037159125717,0.41613574706125245,0.01591362435730972,0.00014691266886609816,0.0,Everton,0,0.0,1.0,0.0,0.0,0.0,0.0,LEDEVE20250818
13,Leeds,0,0.4484037337824702,0.5678037159125717,0.41613574706125245,0.01591362435730972,0.00014691266886609816,0.0,Everton,0,0.0,1.0,0.0,0.0,0.0,0.0,LEDEVE20250818
13,Leeds,0,0.4484037337824702,0.5678037159125717,0.41613574706125245,0.01591362435730972,0.00014691266886609816,0.0,Everton,0,0.0,1.0,0.0,0.0,0.0,0.0,LEDEVE20250818
14,Leeds,0,0.46452197525650263,0.5659733164319853,0.41662467125041674,0.017203799720708117,0.00019773900211525486,4.735947744860525e-07,Everton,0,0.0,1.0,0.0,0.0,0.0,0.0,LEDEVE20250818
14,Leeds,0,0.46452197525650263,0.5641429169513991,0.41711359543958104,0.01849397508410651,0.00024856533536441155,9.47189548972105e-07,Everton,0,0.0,1.0,0.0,0.0,0.0,0.0,LEDEVE20250818
14,Leeds,0,0.46452197525650263,0.5623125174708127,0.4176025196287454,0.019784150447504905,0.0002993916686135682,1.4207843234581576e-06,Everton,0,0.0,1.0,0.0,0.0,0.0,0.0,LEDEVE20250818
14,Leeds,0,0.46452197525650263,0.5604821179902264,0.4180914438179097,0.0210743258109033,0.0003502180018627249,1.89437909794421e-06,Everton,0,0.0,1.0,0.0,0.0,0.0,0.0,LEDEVE20250818
14,Leeds,0,0.46452197525650263,0.55865171850964,0.418580368007074,0.022364501174301693,0.0004010443351118816,2.3679738724302624e-06,Everton,0,0.0,1.0,0.0,0.0,0.0,0.0,LEDEVE20250818
15,Leeds,0,0.46452197525650263,0.55865171850964,0.418580368007074,0.022364501174301693,0.0004010443351118816,2.3679738724302624e-06,Everton,0,0.0,1.0,0.0,0.0,0.0,0.0,LEDEVE20250818
15,Leeds,0,0.46452197525650263,0.55865171850964,0.418580368007074,0.022364501174301693,0.0004010443351118816,2.3679738724302624e-06,Everton,0,0.0,1.0,0.0,0.0,0.0,0.0,LEDEVE20250818
15,Leeds,0,0.46452197525650263,0.55865171850964,0.418580368007074,0.022364501174301693,0.0004010443351118816,2.3679738724302624e-06,Everton,0,0.0,1.0,0.0,0.0,0.0,0.0,LEDEVE20250818
15,Leeds,0,0.46452197525650263,0.55865171850964,0.418580368007074,0.022364501174301693,0.0004010443351118816,2.3679738724302624e-06,Everton,0,0.0,1.0,0.0,0.0,0.0,0.0,LEDEVE20250818
15,Leeds,0,0.46452197525650263,0.55865171850964,0.418580368007074,0.022364501174301693,0.0004010443351118816,2.3679738724302624e-06,Everton,0,0.0,1.0,0.0,0.0,0.0,0.0,LEDEVE20250818
16,Leeds,0,0.46452197525650263,0.55865171850964,0.418580368007074,0.022364501174301693,0.0004010443351118816,2.3679738724302624e-06,Everton,0,0.0,1.0,0.0,0.0,0.0,0.0,LEDEVE20250818
16,Leeds,0,0.46452197525650263,0.55865171850964,0.418580368007074,0.022364501174301693,0.0004010443351118816,2.3679738724302624e-06,Everton,0,0.0,1.0,0.0,0.0,0.0,0.0,LEDEVE20250818
16,Leeds,0,0.46452197525650263,0.55865171850964,0.418580368007074,0.022364501174301693,0.0004010443351118816,2.3679738724302624e-06,Everton,0,0.0,1.0,0.0,0.0,0.0,0.0,LEDEVE20250818
16,Leeds,0,0.46452197525650263,0.55865171850964,0.418580368007074,0.022364501174301693,0.0004010443351118816,2.3679738724302624e-06,Everton,0,0.0,1.0,0.0,0.0,0.0,0.0,LEDEVE20250818
16,Leeds,0,0.46452197525650263,0.55865171850964,0.418580368007074,0.022364501174301693,0.0004010443351118816,2.3679738724302624e-06,Everton,0,0.0,1.0,0.0,0.0,0.0,0.0,LEDEVE20250818
17,Leeds,0,0.46452197525650263,0.55865171850964,0.418580368007074,0.022364501174301693,0.0004010443351118816,2.3679738724302624e-06,Everton,0,0.0,1.0,0.0,0.0,0.0,0.0,LEDEVE20250818
17,Leeds,0,0.46452197525650263,0.55865171850964,0.418580368007074,0.022364501174301693,0.0004010443351118816,2.3679738724302624e-06,Everton,0,0.0,1.0,0.0,0.0,0.0,0.0,LEDEVE20250818
17,Leeds,0,0.46452197525650263,0.55865171850964,0.418580368007074,0.022364501174301693,0.0004010443351118816,2.3679738724302624e-06,Everton,0,0.0,1.0,0.0,0.0,0.0,0.0,LEDEVE20250818
17,Leeds,0,0.46452197525650263,0.55865171850964,0.418580368007074,0.022364501174301693,0.0004010443351118816,2.3679738724302624e-06,Everton,0,0.0,1.0,0.0,0.0,0.0,0.0,LEDEVE20250818
17,Leeds,0,0.46452197525650263,0.55865171850964,0.418580368007074,0.022364501174301693,0.0004010443351118816,2.3679738724302624e-06,Everton,0,0.0,1.0,0.0,0.0,0.0,0.0,LEDEVE20250818
18,Leeds,0,0.46452197525650263,0.55865171850964,0.418580368007074,0.022364501174301693,0.0004010443351118816,2.3679738724302624e-06,Everton,0,0.0,1.0,0.0,0.0,0.0,0.0,LEDEVE20250818
18,Leeds,0,0.46452197525650263,0.55865171850964,0.418580368007074,0.022364501174301693,0.0004010443351118816,2.3679738724302624e-06,Everton,0,0.0,1.0,0.0,0.0,0.0,0.0,LEDEVE20250818
18,Leeds,0,0.46452197525650263,0.55865171850964,0.418580368007074,0.022364501174301693,0.0004010443351118816,2.3679738724302624e-06,Everton,0,0.0,1.0,0.0,0.0,0.0,0.0,LEDEVE20250818
18,Leeds,0,0.46452197525650263,0.55865171850964,0.418580368007074,0.022364501174301693,0.0004010443351118816,2.3679738724302624e-06,Everton,0,0.0,1.0,0.0,0.0,0.0,0.0,LEDEVE20250818
18,Leeds,0,0.46452197525650263,0.55865171850964,0.418580368007074,0.022364501174301693,0.0004010443351118816,2.3679738724302624e-06,Everton,0,0.0,1.0,0.0,0.0,0.0,0.0,LEDEVE20250818
19,Leeds,0,0.46452197525650263,0.55865171850964,0.418580368007074,0.022364501174301693,0.0004010443351118816,2.3679738724302624e-06,Everton,0,0.0,1.0,0.0,0.0,0.0,0.0,LEDEVE20250818
19,Leeds,0,0.46452197525650263,0.55865171850964,0.418580368007074,0.022364501174301693,0.0004010443351118816,2.3679738724302624e-06,Everton,0,0.0,1.0,0.0,0.0,0.0,0.0,LEDEVE20250818
19,Leeds,0,0.46452197525650263,0.55865171850964,0.418580368007074,0.022364501174301693,0.0004010443351118816,2.3679738724302624e-06,Everton,0,0.0,1.0,0.0,0.0,0.0,0.0,LEDEVE20250818
19,Leeds,0,0.46452197525650263,0.55865171850964,0.418580368007074,0.022364501174301693,0.0004010443351118816,2.3679738724302624e-06,Everton,0,0.0,1.0,0.0,0.0,0.0,0.0,LEDEVE20250818
19,Leeds,0,0.46452197525650263,0.55865171850964,0.418580368007074,0.022364501174301693,0.0004010443351118816,2.3679738724302624e-06,Everton,0,0.0,1.0,0.0,0.0,0.0,0.0,LEDEVE20250818
20,Leeds,0,0.5548163438215852,0.5485630976755148,0.4211098988366115,0.02951971347652809,0.0007976796284720992,9.610382873548317e-06,Everton,0,0.0,1.0,0.0,0.0,0.0,0.0,LEDEVE20250818
20,Leeds,0,0.5548163438215852,0.5384744768413896,0.423639429666149,0.03667492577875449,0.0011943149218323166,1.685279187466637e-05,Everton,0,0.0,1.0,0.0,0.0,0.0,0.0,LEDEVE20250818
20,Leeds,0,0.5548163438215852,0.5283858560072643,0.42616896049568653,0.04383013808098088,0.0015909502151925342,2.409520087578443e-05,Everton,0,0.0,1.0,0.0,0.0,0.0,0.0,LEDEVE20250818
20,Leeds,0,0.5548163438215852,0.5182972351731391,0.42869849132522403,0.05098535038320728,0.0019875855085527516,3.133760987690248e-05,Everton,0,0.0,1.0,0.0,0.0,0.0,0.0,LEDEVE20250818
20,Leeds,0,0.5548163438215852,0.5082086143390139,0.4312280221547615,0.058140562685433675,0.002384220801912969,3.858001887802054e-05,Everton,0,0.0,1.0,0.0,0.0,0.0,0.0,LEDEVE20250818
21,Leeds,0,0.5548163438215852,0.5082086143390139,0.4312280221547615,0.058140562685433675,0.002384220801912969,3.858001887802054e-05,Everton,0,0.0,1.0,0.0,0.0,0.0,0.0,LEDEVE20250818
21,Leeds,0,0.5548163438215852,0.5082086143390139,0.4312280221547615,0.058140562685433675,0.002384220801912969,3.858001887802054e-05,Everton,0,0.0,1.0,0.0,0.0,0.0,0.0,LEDEVE20250818
21,Leeds,0,0.5548163438215852,0.5082086143390139,0.4312280221547615,0.058140562685433675,0.002384220801912969,3.858001887802054e-05,Everton,0,0.0,1.0,0.0,0.0,0.0,0.0,LEDEVE20250818
21,Leeds,0,0.5548163438215852,0.5082086143390139,0.4312280221547615,0.058140562685433675,0.002384220801912969,3.858001887802054e-05,Everton,0,0.0,1.0,0.0,0.0,0.0,0.0,LEDEVE20250818
21,Leeds,0,0.5548163438215852,0.5082086143390139,0.4312280221547615,0.058140562685433675,0.002384220801912969,3.858001887802054e-05,Everton,0,0.0,1.0,0.0,0.0,0.0,0.0,LEDEVE20250818
22,Leeds,0,0.5548163438215852,0.5082086143390139,0.4312280221547615,0.058140562685433675,0.002384220801912969,3.858001887802054e-05,Everton,0,0.0,1.0,0.0,0.0,0.0,0.0,LEDEVE20250818
22,Leeds,0,0.5548163438215852,0.5082086143390139,0.4312280221547615,0.058140562685433675,0.002384220801912969,3.858001887802054e-05,Everton,0,0.0,1.0,0.0,0.0,0.0,0.0,LEDEVE20250818
22,Leeds,0,0.5548163438215852,0.5082086143390139,0.4312280221547615,0.058140562685433675,0.002384220801912969,3.858001887802054e-05,Everton,0,0.0,1.0,0.0,0.0,0.0,0.0,LEDEVE20250818
22,Leeds,0,0.5548163438215852,0.5082086143390139,0.4312280221547615,0.058140562685433675,0.002384220801912969,3.858001887802054e-05,Everton,0,0.0,1.0,0.0,0.0,0.0,0.0,LEDEVE20250818
22,Leeds,0,0.5548163438215852,0.5082086143390139,0.4312280221547615,0.058140562685433675,0.002384220801912969,3.858001887802054e-05,Everton,0,0.0,1.0,0.0,0.0,0.0,0.0,LEDEVE20250818
23,Leeds,0,0.5548163438215852,0.5082086143390139,0.4312280221547615,0.058140562685433675,0.002384220801912969,3.858001887802054e-05,Everton,0,0.0,1.0,0.0,0.0,0.0,0.0,LEDEVE20250818
23,Leeds,0,0.5548163438215852,0.5082086143390139,0.4312280221547615,0.058140562685433675,0.002384220801912969,3.858001887802054e-05,Everton,0,0.0,1.0,0.0,0.0,0.0,0.0,LEDEVE20250818
23,Leeds,0,0.5548163438215852,0.5082086143390139,0.4312280221547615,0.058140562685433675,0.002384220801912969,3.858001887802054e-05,Everton,0,0.0,1.0,0.0,0.0,0.0,0.0,LEDEVE20250818
23,Leeds,0,0.5548163438215852,0.5082086143390139,0.4312280221547615,0.058140562685433675,0.002384220801912969,3.858001887802054e-05,Everton,0,0.0,1.0,0.0,0.0,0.0,0.0,LEDEVE20250818
23,Leeds,0,0.5548163438215852,0.5082086143390139,0.4312280221547615,0.058140562685433675,0.002384220801912969,3.858001887802054e-05,Everton,0,0.0,1.0,0.0,0.0,0.0,0.0,LEDEVE20250818
24,Leeds,0,0.5548163438215852,0.5082086143390139,0.4312280221547615,0.058140562685433675,0.002384220801912969,3.858001887802054e-05,Everton,0,0.0,1.0,0.0,0.0,0.0,0.0,LEDEVE20250818
24,Leeds,0,0.5548163438215852,0.5082086143390139,0.4312280221547615,0.058140562685433675,0.002384220801912969,3.858001887802054e-05,Everton,0,0.0,1.0,0.0,0.0,0.0,0.0,LEDEVE20250818
24,Leeds,0,0.5548163438215852,0.5082086143390139,0.4312280221547615,0.058140562685433675,0.002384220801912969,3.858001887802054e-05,Everton,0,0.0,1.0,0.0,0.0,0.0,0.0,LEDEVE20250818
24,Leeds,0,0.5548163438215852,0.5082086143390139,0.4312280221547615,0.058140562685433675,0.002384220801912969,3.858001887802054e-05,Everton,0,0.0,1.0,0.0,0.0,0.0,0.0,LEDEVE20250818
24,Leeds,0,0.5548163438215852,0.5082086143390139,0.4312280221547615,0.058140562685433675,0.002384220801912969,3.858001887802054e-05,Everton,0,0.0,1.0,0.0,0.0,0.0,0.0,LEDEVE20250818
25,Leeds,0,0.5548163438215852,0.5082086143390139,0.4312280221547615,0.058140562685433675,0.002384220801912969,3.858001887802054e-05,Everton,0,0.0,1.0,0.0,0.0,0.0,0.0,LEDEVE20250818
25,Leeds,0,0.5548163438215852,0.5082086143390139,0.4312280221547615,0.058140562685433675,0.002384220801912969,3.858001887802054e-05,Everton,0,0.0,1.0,0.0,0.0,0.0,0.0,LEDEVE20250818
25,Leeds,0,0.5548163438215852,0.5082086143390139,0.4312280221547615,0.058140562685433675,0.002384220801912969,3.858001887802054e-05,Everton,0,0.0,1.0,0.0,0.0,0.0,0.0,LEDEVE20250818
25,Leeds,0,0.5548163438215852,0.5082086143390139,0.4312280221547615,0.058140562685433675,0.002384220801912969,3.858001887802054e-05,Everton,0,0.0,1.0,0.0,0.0,0.0,0.0,LEDEVE20250818
25,Leeds,0,0.5548163438215852,0.5082086143390139,0.4312280221547615,0.058140562685433675,0.002384220801912969,3.858001887802054e-05,Everton,0,0.0,1.0,0.0,0.0,0.0,0.0,LEDEVE20250818
26,Leeds,0,0.5548163438215852,0.5082086143390139,0.4312280221547615,0.058140562685433675,0.002384220801912969,3.858001887802054e-05,Everton,0,0.0,1.0,0.0,0.0,0.0,0.0,LEDEVE20250818
26,Leeds,0,0.5548163438215852,0.5082086143390139,0.4312280221547615,0.058140562685433675,0.002384220801912969,3.858001887802054e-05,Everton,0,0.0,1.0,0.0,0.0,0.0,0.0,LEDEVE20250818
26,Leeds,0,0.5548163438215852,0.5082086143390139,0.4312280221547615,0.058140562685433675,0.002384220801912969,3.858001887802054e-05,Everton,0,0.0,1.0,0.0,0.0,0.0,0.0,LEDEVE20250818
26,Leeds,0,0.5548163438215852,0.5082086143390139,0.4312280221547615,0.058140562685433675,0.002384220801912969,3.858001887802054e-05,Everton,0,0.0,1.0,0.0,0.0,0.0,0.0,LEDEVE20250818
26,Leeds,0,0.5548163438215852,0.5082086143390139,0.4312280221547615,0.058140562685433675,0.002384220801912969,3.858001887802054e-05,Everton,0,0.0,1.0,0.0,0.0,0.0,0.0,LEDEVE20250818
27,Leeds,0,0.5548163438215852,0.5082086143390139,0.4312280221547615,0.058140562685433675,0.002384220801912969,3.858001887802054e-05,Everton,0,0.0,1.0,0.0,0.0,0.0,0.0,LEDEVE20250818
27,Leeds,0,0.5548163438215852,0.5082086143390139,0.4312280221547615,0.058140562685433675,0.002384220801912969,3.858001887802054e-05,Everton,0,0.0,1.0,0.0,0.0,0.0,0.0,LEDEVE20250818
27,Leeds,0,0.5548163438215852,0.5082086143390139,0.4312280221547615,0.058140562685433675,0.002384220801912969,3.858001887802054e-05,Everton,0,0.0,1.0,0.0,0.0,0.0,0.0,LEDEVE20250818
27,Leeds,0,0.5548163438215852,0.5082086143390139,0.4312280221547615,0.058140562685433675,0.002384220801912969,3.858001887802054e-05,Everton,0,0.0,1.0,0.0,0.0,0.0,0.0,LEDEVE20250818
27,Leeds,0,0.5548163438215852,0.5082086143390139,0.4312280221547615,0.058140562685433675,0.002384220801912969,3.858001887802054e-05,Everton,0,0.0,1.0,0.0,0.0,0.0,0.0,LEDEVE20250818
28,Leeds,0,0.5548163438215852,0.5082086143390139,0.4312280221547615,0.058140562685433675,0.002384220801912969,3.858001887802054e-05,Everton,0,0.0,1.0,0.0,0.0,0.0,0.0,LEDEVE20250818
28,Leeds,0,0.5548163438215852,0.5082086143390139,0.4312280221547615,0.058140562685433675,0.002384220801912969,3.858001887802054e-05,Everton,0,0.0,1.0,0.0,0.0,0.0,0.0,LEDEVE20250818
28,Leeds,0,0.5548163438215852,0.5082086143390139,0.4312280221547615,0.058140562685433675,0.002384220801912969,3.858001887802054e-05,Everton,0,0.0,1.0,0.0,0.0,0.0,0.0,LEDEVE20250818
28,Leeds,0,0.5548163438215852,0.5082086143390139,0.4312280221547615,0.058140562685433675,0.002384220801912969,3.858001887802054e-05,Everton,0,0.0,1.0,0.0,0.0,0.0,0.0,LEDEVE20250818
28,Leeds,0,0.5548163438215852,0.5082086143390139,0.4312280221547615,0.058140562685433675,0.002384220801912969,3.858001887802054e-05,Everton,0,0.0,1.0,0.0,0.0,0.0,0.0,LEDEVE20250818
29,Leeds,0,0.5548163438215852,0.5082086143390139,0.4312280221547615,0.058140562685433675,0.002384220801912969,3.858001887802054e-05,Everton,0,0.0,1.0,0.0,0.0,0.0,0.0,LEDEVE20250818
29,Leeds,0,0.5548163438215852,0.5082086143390139,0.4312280221547615,0.058140562685433675,0.002384220801912969,3.858001887802054e-05,Everton,0,0.0,1.0,0.0,0.0,0.0,0.0,LEDEVE20250818
29,Leeds,0,0.5548163438215852,0.5082086143390139,0.4312280221547615,0.058140562685433675,0.002384220801912969,3.858001887802054e-05,Everton,0,0.0,1.0,0.0,0.0,0.0,0.0,LEDEVE20250818
29,Leeds,0,0.5548163438215852,0.5082086143390139,0.4312280221547615,0.058140562685433675,0.002384220801912969,3.858001887802054e-05,Everton,0,0.0,1.0,0.0,0.0,0.0,0.0,LEDEVE20250818
29,Leeds,0,0.5548163438215852,0.5082086143390139,0.4312280221547615,0.058140562685433675,0.002384220801912969,3.858001887802054e-05,Everton,0,0.0,1.0,0.0,0.0,0.0,0.0,LEDEVE20250818
30,Leeds,0,0.5704791648313403,0.5066166182266123,0.4314691688020829,0.059309283105164146,0.002558881122529028,4.6048743611626366e-05,Everton,0,0.0,1.0,0.0,0.0,0.0,0.0,LEDEVE20250818
30,Leeds,0,0.5704791648313403,0.5050246221142108,0.4317103154494043,0.06047800352489461,0.0027335414431450874,5.351746834523219e-05,Everton,0,0.0,1.0,0.0,0.0,0.0,0.0,LEDEVE20250818
30,Leeds,0,0.5704791648313403,0.5034326260018093,0.43195146209672575,0.06164672394462508,0.0029082017637611464,6.0986193078838015e-05,Everton,0,0.0,1.0,0.0,0.0,0.0,0.0,LEDEVE20250818
30,Leeds,0,0.5704791648313403,0.5018406298894078,0.43219260874404714,0.06281544436435554,0.0030828620843772053,6.845491781244384e-05,Everton,0,0.0,1.0,0.0,0.0,0.0,0.0,LEDEVE20250818
30,Leeds,0,0.5704791648313403,0.5002486337770062,0.4324337553913685,0.06398416478408601,0.0032575224049932647,7.592364254604966e-05,Everton,0,0.0,1.0,0.0,0.0,0.0,0.0,LEDEVE20250818
31,Leeds,0,0.5704791648313403,0.5002486337770062,0.4324337553913685,0.06398416478408601,0.0032575224049932647,7.592364254604966e-05,Everton,0,0.0,1.0,0.0,0.0,0.0,0.0,LEDEVE20250818
31,Leeds,0,0.5704791648313403,0.5002486337770062,0.4324337553913685,0.06398416478408601,0.0032575224049932647,7.592364254604966e-05,Everton,0,0.0,1.0,0.0,0.0,0.0,0.0,LEDEVE20250818
31,Leeds,0,0.5704791648313403,0.5002486337770062,0.4324337553913685,0.06398416478408601,0.0032575224049932647,7.592364254604966e-05,Everton,0,0.0,1.0,0.0,0.0,0.0,0.0,LEDEVE20250818
31,Leeds,0,0.5704791648313403,0.5002486337770062,0.4324337553913685,0.06398416478408601,0.0032575224049932647,7.592364254604966e-05,Everton,0,0.0,1.0,0.0,0.0,0.0,0.0,LEDEVE20250818
31,Leeds,0,0.5704791648313403,0.5002486337770062,0.4324337553913685,0.06398416478408601,0.0032575224049932647,7.592364254604966e-05,Everton,0,0.0,1.0,0.0,0.0,0.0,0.0,LEDEVE20250818
32,Leeds,0,0.5704791648313403,0.5002486337770062,0.4324337553913685,0.06398416478408601,0.0032575224049932647,7.592364254604966e-05,Everton,0,0.0,1.0,0.0,0.0,0.0,0.0,LEDEVE20250818
32,Leeds,0,0.5704791648313403,0.5002486337770062,0.4324337553913685,0.06398416478408601,0.0032575224049932647,7.592364254604966e-05,Everton,0,0.0,1.0,0.0,0.0,0.0,0.0,LEDEVE20250818
32,Leeds,0,0.5704791648313403,0.5002486337770062,0.4324337553913685,0.06398416478408601,0.0032575224049932647,7.592364254604966e-05,Everton,0,0.0,1.0,0.0,0.0,0.0,0.0,LEDEVE20250818
32,Leeds,0,0.5704791648313403,0.5002486337770062,0.4324337553913685,0.06398416478408601,0.0032575224049932647,7.592364254604966e-05,Everton,0,0.0,1.0,0.0,0.0,0.0,0.0,LEDEVE20250818
32,Leeds,0,0.5704791648313403,0.5002486337770062,0.4324337553913685,0.06398416478408601,0.0032575224049932647,7.592364254604966e-05,Everton,0,0.0,1.0,0.0,0.0,0.0,0.0,LEDEVE20250818
33,Leeds,0,0.5704791648313403,0.5002486337770062,0.4324337553913685,0.06398416478408601,0.0032575224049932647,7.592364254604966e-05,Everton,0,0.0,1.0,0.0,0.0,0.0,0.0,LEDEVE20250818
33,Leeds,0,0.5704791648313403,0.5002486337770062,0.4324337553913685,0.06398416478408601,0.0032575224049932647,7.592364254604966e-05,Everton,0,0.0,1.0,0.0,0.0,0.0,0.0,LEDEVE20250818
33,Leeds,0,0.5704791648313403,0.5002486337770062,0.4324337553913685,0.06398416478408601,0.0032575224049932647,7.592364254604966e-05,Everton,0,0.0,1.0,0.0,0.0,0.0,0.0,LEDEVE20250818
33,Leeds,0,0.5704791648313403,0.5002486337770062,0.4324337553913685,0.06398416478408601,0.0032575224049932647,7.592364254604966e-05,Everton,0,0.0,1.0,0.0,0.0,0.0,0.0,LEDEVE20250818
33,Leeds,0,0.5704791648313403,0.5002486337770062,0.4324337553913685,0.06398416478408601,0.0032575224049932647,7.592364254604966e-05,Everton,0,0.0,1.0,0.0,0.0,0.0,0.0,LEDEVE20250818
34,Leeds,0,0.5704791648313403,0.5002486337770062,0.4324337553913685,0.06398416478408601,0.0032575224049932647,7.592364254604966e-05,Everton,0,0.0,1.0,0.0,0.0,0.0,0.0,LEDEVE20250818
34,Leeds,0,0.5704791648313403,0.5002486337770062,0.4324337553913685,0.06398416478408601,0.0032575224049932647,7.592364254604966e-05,Everton,0,0.0,1.0,0.0,0.0,0.0,0.0,LEDEVE20250818
34,Leeds,0,0.5704791648313403,0.5002486337770062,0.4324337553913685,0.06398416478408601,0.0032575224049932647,7.592364254604966e-05,Everton,0,0.0,1.0,0.0,0.0,0.0,0.0,LEDEVE20250818
34,Leeds,0,0.5704791648313403,0.5002486337770062,0.4324337553913685,0.06398416478408601,0.0032575224049932647,7.592364254604966e-05,Everton,0,0.0,1.0,0.0,0.0,0.0,0.0,LEDEVE20250818
34,Leeds,0,0.5704791648313403,0.5002486337770062,0.4324337553913685,0.06398416478408601,0.0032575224049932647,7.592364254604966e-05,Everton,0,0.0,1.0,0.0,0.0,0.0,0.0,LEDEVE20250818
35,Leeds,0,0.7096924735233188,0.4866649207657305,0.4339306549107003,0.07403572340803036,0.005160254403146474,0.00020844651239244617,Everton,0,0.0,1.0,0.0,0.0,0.0,0.0,LEDEVE20250818
35,Leeds,0,0.7096924735233188,0.4730812077544547,0.4354275544300321,0.0840872820319747,0.007062986401299683,0.0003409693822388427,Everton,0,0.0,1.0,0.0,0.0,0.0,0.0,LEDEVE20250818
35,Leeds,0,0.7096924735233188,0.4594974947431789,0.43692445394936386,0.09413884065591904,0.008965718399452894,0.0004734922520852392,Everton,0,0.0,1.0,0.0,0.0,0.0,0.0,LEDEVE20250818
35,Leeds,0,0.7096924735233188,0.44591378173190316,0.43842135346869565,0.10419039927986339,0.010868450397606103,0.0006060151219316357,Everton,0,0.0,1.0,0.0,0.0,0.0,0.0,LEDEVE20250818
35,Leeds,0,0.7096924735233188,0.4323300687206274,0.43991825298802745,0.11424195790380773,0.012771182395759311,0.0007385379917780321,Everton,0,0.0,1.0,0.0,0.0,0.0,0.0,LEDEVE20250818
36,Leeds,0,0.8610325409099459,0.4195831915663511,0.43935562676305717,0.12383829280276192,0.016018251573693826,0.0012046372941359128,Everton,0,0.0,1.0,0.0,0.0,0.0,0.0,LEDEVE20250818
36,Leeds,0,0.8610325409099459,0.40683631441207485,0.4387930005380869,0.1334346277017161,0.01926532075162834,0.0016707365964937937,Everton,0,0.0,1.0,0.0,0.0,0.0,0.0,LEDEVE20250818
36,Leeds,0,0.8610325409099459,0.39408943725779855,0.43823037431311657,0.1430309626006703,0.02251238992956285,0.0021368358988516746,Everton,0,0.0,1.0,0.0,0.0,0.0,0.0,LEDEVE20250818
36,Leeds,0,0.8610325409099459,0.3813425601035223,0.4376677480881463,0.1526272974996245,0.025759459107497364,0.0026029352012095553,Everton,0,0.0,1.0,0.0,0.0,0.0,0.0,LEDEVE20250818
36,Leeds,0,0.8610325409099459,0.368595682949246,0.437105121863176,0.16222363239857868,0.029006528285431873,0.003069034503567436,Everton,0,0.0,1.0,0.0,0.0,0.0,0.0,LEDEVE20250818
37,Leeds,0,0.9035496888682244,0.36546135551149883,0.4365225566730076,0.1645610677902903,0.030139330550662286,0.0033156894745409947,Everton,0,0.0,1.0,0.0,0.0,0.0,0.0,LEDEVE20250818
37,Leeds,0,0.9035496888682244,0.36232702807375167,0.43593999148283913,0.16689850318200197,0.031272132815892695,0.0035623444455145535,Everton,0,0.0,1.0,0.0,0.0,0.0,0.0,LEDEVE20250818
37,Leeds,0,0.9035496888682244,0.35919270063600445,0.4353574262926707,0.1692359385737136,0.032404935081123104,0.0038089994164881126,Everton,0,0.0,1.0,0.0,0.0,0.0,0.0,LEDEVE20250818
37,Leeds,0,0.9035496888682244,0.3560583731982573,0.43477486110250224,0.17157337396542527,0.03353773734635352,0.004055654387461671,Everton,0,0.0,1.0,0.0,0.0,0.0,0.0,LEDEVE20250818
37,Leeds,0,0.9035496888682244,0.3529240457605101,0.4341922959123338,0.1739108093571369,0.03467053961158393,0.00430230935843523,Everton,0,0.0,1.0,0.0,0.0,0.0,0.0,LEDEVE20250818
38,Leeds,0,0.9035496888682244,0.3529240457605101,0.4341922959123338,0.1739108093571369,0.03467053961158393,0.00430230935843523,Everton,0,0.0,1.0,0.0,0.0,0.0,0.0,LEDEVE20250818
38,Leeds,0,0.9035496888682244,0.3529240457605101,0.4341922959123338,0.1739108093571369,0.03467053961158393,0.00430230935843523,Everton,0,0.0,1.0,0.0,0.0,0.0,0.0,LEDEVE20250818
38,Leeds,0,0.9035496888682244,0.3529240457605101,0.4341922959123338,0.1739108093571369,0.03467053961158393,0.00430230935843523,Everton,0,0.0,1.0,0.0,0.0,0.0,0.0,LEDEVE20250818
38,Leeds,0,0.9035496888682244,0.3529240457605101,0.4341922959123338,0.1739108093571369,0.03467053961158393,0.00430230935843523,Everton,0,0.0,1.0,0.0,0.0,0.0,0.0,LEDEVE20250818
38,Leeds,0,0.9035496888682244,0.3529240457605101,0.4341922959123338,0.1739108093571369,0.03467053961158393,0.00430230935843523,Everton,0,0.0,1.0,0.0,0.0,0.0,0.0,LEDEVE20250818
39,Leeds,0,0.9035496888682244,0.3529240457605101,0.4341922959123338,0.1739108093571369,0.03467053961158393,0.00430230935843523,Everton,0,0.0,1.0,0.0,0.0,0.0,0.0,LEDEVE20250818
39,Leeds,0,0.9035496888682244,0.3529240457605101,0.4341922959123338,0.1739108093571369,0.03467053961158393,0.00430230935843523,Everton,0,0.0,1.0,0.0,0.0,0.0,0.0,LEDEVE20250818
39,Leeds,0,0.9035496888682244,0.3529240457605101,0.4341922959123338,0.1739108093571369,0.03467053961158393,0.00430230935843523,Everton,0,0.0,1.0,0.0,0.0,0.0,0.0,LEDEVE20250818
39,Leeds,0,0.9035496888682244,0.3529240457605101,0.4341922959123338,0.1739108093571369,0.03467053961158393,0.00430230935843523,Everton,0,0.0,1.0,0.0,0.0,0.0,0.0,LEDEVE20250818
39,Leeds,0,0.9035496888682244,0.3529240457605101,0.4341922959123338,0.1739108093571369,0.03467053961158393,0.00430230935843523,Everton,0,0.0,1.0,0.0,0.0,0.0,0.0,LEDEVE20250818
40,Leeds,0,0.9035496888682244,0.3529240457605101,0.4341922959123338,0.1739108093571369,0.03467053961158393,0.00430230935843523,Everton,0,0.0,1.0,0.0,0.0,0.0,0.0,LEDEVE20250818
40,Leeds,0,0.9035496888682244,0.3529240457605101,0.4341922959123338,0.1739108093571369,0.03467053961158393,0.00430230935843523,Everton,0,0.0,1.0,0.0,0.0,0.0,0.0,LEDEVE20250818
40,Leeds,0,0.9035496888682244,0.3529240457605101,0.4341922959123338,0.1739108093571369,0.03467053961158393,0.00430230935843523,Everton,0,0.0,1.0,0.0,0.0,0.0,0.0,LEDEVE20250818
40,Leeds,0,0.9035496888682244,0.3529240457605101,0.4341922959123338,0.1739108093571369,0.03467053961158393,0.00430230935843523,Everton,0,0.0,1.0,0.0,0.0,0.0,0.0,LEDEVE20250818
40,Leeds,0,0.9035496888682244,0.3529240457605101,0.4341922959123338,0.1739108093571369,0.03467053961158393,0.00430230935843523,Everton,0,0.0,1.0,0.0,0.0,0.0,0.0,LEDEVE20250818
41,Leeds,0,0.9035496888682244,0.3529240457605101,0.4341922959123338,0.1739108093571369,0.03467053961158393,0.00430230935843523,Everton,0,0.0,1.0,0.0,0.0,0.0,0.0,LEDEVE20250818
41,Leeds,0,0.9035496888682244,0.3529240457605101,0.4341922959123338,0.1739108093571369,0.03467053961158393,0.00430230935843523,Everton,0,0.0,1.0,0.0,0.0,0.0,0.0,LEDEVE20250818
41,Leeds,0,0.9035496888682244,0.3529240457605101,0.4341922959123338,0.1739108093571369,0.03467053961158393,0.00430230935843523,Everton,0,0.0,1.0,0.0,0.0,0.0,0.0,LEDEVE20250818
41,Leeds,0,0.9035496888682244,0.3529240457605101,0.4341922959123338,0.1739108093571369,0.03467053961158393,0.00430230935843523,Everton,0,0.0,1.0,0.0,0.0,0.0,0.0,LEDEVE20250818
41,Leeds,0,0.9035496888682244,0.3529240457605101,0.4341922959123338,0.1739108093571369,0.03467053961158393,0.00430230935843523,Everton,0,0.0,1.0,0.0,0.0,0.0,0.0,LEDEVE20250818
42,Leeds,0,0.9035496888682244,0.3529240457605101,0.4341922959123338,0.1739108093571369,0.03467053961158393,0.00430230935843523,Everton,0,0.0,1.0,0.0,0.0,0.0,0.0,LEDEVE20250818
42,Leeds,0,0.9035496888682244,0.3529240457605101,0.4341922959123338,0.1739108093571369,0.03467053961158393,0.00430230935843523,Everton,0,0.0,1.0,0.0,0.0,0.0,0.0,LEDEVE20250818
42,Leeds,0,0.9035496888682244,0.3529240457605101,0.4341922959123338,0.1739108093571369,0.03467053961158393,0.00430230935843523,Everton,0,0.0,1.0,0.0,0.0,0.0,0.0,LEDEVE20250818
42,Leeds,0,0.9035496888682244,0.3529240457605101,0.4341922959123338,0.1739108093571369,0.03467053961158393,0.00430230935843523,Everton,0,0.0,1.0,0.0,0.0,0.0,0.0,LEDEVE20250818
42,Leeds,0,0.9035496888682244,0.3529240457605101,0.4341922959123338,0.1739108093571369,0.03467053961158393,0.00430230935843523,Everton,0,0.0,1.0,0.0,0.0,0.0,0.0,LEDEVE20250818
43,Leeds,0,0.9186563715338704,0.35185774344763415,0.43394675717916664,0.1746972073213633,0.03509123132544894,0.004407060726386991,Everton,0,0.0,1.0,0.0,0.0,0.0,0.0,LEDEVE20250818
43,Leeds,0,0.9186563715338704,0.35079144113475813,0.43370121844599946,0.1754836052855897,0.03551192303931394,0.004511812094338752,Everton,0,0.0,1.0,0.0,0.0,0.0,0.0,LEDEVE20250818
43,Leeds,0,0.9186563715338704,0.34972513882188216,0.4334556797128323,0.1762700032498161,0.03593261475317895,0.004616563462290513,Everton,0,0.0,1.0,0.0,0.0,0.0,0.0,LEDEVE20250818
43,Leeds,0,0.9186563715338704,0.34865883650900614,0.4332101409796651,0.1770564012140425,0.036353306467043954,0.004721314830242273,Everton,0,0.0,1.0,0.0,0.0,0.0,0.0,LEDEVE20250818
43,Leeds,0,0.9186563715338704,0.3475925341961302,0.4329646022464979,0.1778427991782689,0.036773998180908964,0.0048260661981940345,Everton,0,0.0,1.0,0.0,0.0,0.0,0.0,LEDEVE20250818
44,Leeds,0,0.9186563715338704,0.3475925341961302,0.4329646022464979,0.1778427991782689,0.036773998180908964,0.0048260661981940345,Everton,0,0.0,1.0,0.0,0.0,0.0,0.0,LEDEVE20250818
44,Leeds,0,0.9186563715338704,0.3475925341961302,0.4329646022464979,0.1778427991782689,0.036773998180908964,0.0048260661981940345,Everton,0,0.0,1.0,0.0,0.0,0.0,0.0,LEDEVE20250818
44,Leeds,0,0.9186563715338704,0.3475925341961302,0.4329646022464979,0.1778427991782689,0.036773998180908964,0.0048260661981940345,Everton,0,0.0,1.0,0.0,0.0,0.0,0.0,LEDEVE20250818
44,Leeds,0,0.9186563715338704,0.3475925341961302,0.4329646022464979,0.1778427991782689,0.036773998180908964,0.0048260661981940345,Everton,0,0.0,1.0,0.0,0.0,0.0,0.0,LEDEVE20250818
44,Leeds,0,0.9186563715338704,0.3475925341961302,0.4329646022464979,0.1778427991782689,0.036773998180908964,0.0048260661981940345,Everton,0,0.0,1.0,0.0,0.0,0.0,0.0,LEDEVE20250818
45,Leeds,0,0.9186563715338704,0.3475925341961302,0.4329646022464979,0.1778427991782689,0.036773998180908964,0.0048260661981940345,Everton,0,0.0,1.0,0.0,0.0,0.0,0.0,LEDEVE20250818
45,Leeds,0,0.9186563715338704,0.3475925341961302,0.4329646022464979,0.1778427991782689,0.036773998180908964,0.0048260661981940345,Everton,0,0.0,1.0,0.0,0.0,0.0,0.0,LEDEVE20250818
45,Leeds,0,0.9186563715338704,0.3475925341961302,0.4329646022464979,0.1778427991782689,0.036773998180908964,0.0048260661981940345,Everton,0,0.0,1.0,0.0,0.0,0.0,0.0,LEDEVE20250818
45,Leeds,0,0.9186563715338704,0.3475925341961302,0.4329646022464979,0.1778427991782689,0.036773998180908964,0.0048260661981940345,Everton,0,0.0,1.0,0.0,0.0,0.0,0.0,LEDEVE20250818
45,Leeds,0,0.9186563715338704,0.3475925341961302,0.4329646022464979,0.1778427991782689,0.036773998180908964,0.0048260661981940345,Everton,0,0.0,1.0,0.0,0.0,0.0,0.0,LEDEVE20250818
46,Leeds,0,0.9186563715338704,0.3475925341961302,0.4329646022464979,0.1778427991782689,0.036773998180908964,0.0048260661981940345,Everton,0,0.0,1.0,0.0,0.0,0.0,0.0,LEDEVE20250818
46,Leeds,0,0.9186563715338704,0.3475925341961302,0.4329646022464979,0.1778427991782689,0.036773998180908964,0.0048260661981940345,Everton,0,0.0,1.0,0.0,0.0,0.0,0.0,LEDEVE20250818
46,Leeds,0,0.9186563715338704,0.3475925341961302,0.4329646022464979,0.1778427991782689,0.036773998180908964,0.0048260661981940345,Everton,0,0.0,1.0,0.0,0.0,0.0,0.0,LEDEVE20250818
46,Leeds,0,0.9186563715338704,0.3475925341961302,0.4329646022464979,0.1778427991782689,0.036773998180908964,0.0048260661981940345,Everton,0,0.0,1.0,0.0,0.0,0.0,0.0,LEDEVE20250818
46,Leeds,0,0.9186563715338704,0.3475925341961302,0.4329646022464979,0.1778427991782689,0.036773998180908964,0.0048260661981940345,Everton,0,0.0,1.0,0.0,0.0,0.0,0.0,LEDEVE20250818
47,Leeds,0,0.9186563715338704,0.3475925341961302,0.4329646022464979,0.1778427991782689,0.036773998180908964,0.0048260661981940345,Everton,0,0.0,1.0,0.0,0.0,0.0,0.0,LEDEVE20250818
47,Leeds,0,0.9186563715338704,0.3475925341961302,0.4329646022464979,0.1778427991782689,0.036773998180908964,0.0048260661981940345,Everton,0,0.0,1.0,0.0,0.0,0.0,0.0,LEDEVE20250818
47,Leeds,0,0.9186563715338704,0.3475925341961302,0.4329646022464979,0.1778427991782689,0.036773998180908964,0.0048260661981940345,Everton,0,0.0,1.0,0.0,0.0,0.0,0.0,LEDEVE20250818
47,Leeds,0,0.9186563715338704,0.3475925341961302,0.4329646022464979,0.1778427991782689,0.036773998180908964,0.0048260661981940345,Everton,0,0.0,1.0,0.0,0.0,0.0,0.0,LEDEVE20250818
47,Leeds,0,0.9186563715338704,0.3475925341961302,0.4329646022464979,0.1778427991782689,0.036773998180908964,0.0048260661981940345,Everton,0,0.0,1.0,0.0,0.0,0.0,0.0,LEDEVE20250818
48,Leeds,0,0.9186563715338704,0.3475925341961302,0.4329646022464979,0.1778427991782689,0.036773998180908964,0.0048260661981940345,Everton,0,0.0,1.0,0.0,0.0,0.0,0.0,LEDEVE20250818
48,Leeds,0,0.9186563715338704,0.3475925341961302,0.4329646022464979,0.1778427991782689,0.036773998180908964,0.0048260661981940345,Everton,0,0.0,1.0,0.0,0.0,0.0,0.0,LEDEVE20250818
48,Leeds,0,0.9186563715338704,0.3475925341961302,0.4329646022464979,0.1778427991782689,0.036773998180908964,0.0048260661981940345,Everton,0,0.0,1.0,0.0,0.0,0.0,0.0,LEDEVE20250818
48,Leeds,0,0.9186563715338704,0.3475925341961302,0.4329646022464979,0.1778427991782689,0.036773998180908964,0.0048260661981940345,Everton,0,0.0,1.0,0.0,0.0,0.0,0.0,LEDEVE20250818
48,Leeds,0,0.9186563715338704,0.3475925341961302,0.4329646022464979,0.1778427991782689,0.036773998180908964,0.0048260661981940345,Everton,0,0.0,1.0,0.0,0.0,0.0,0.0,LEDEVE20250818
49,Leeds,0,0.9186563715338704,0.3475925341961302,0.4329646022464979,0.1778427991782689,0.036773998180908964,0.0048260661981940345,Everton,0,0.0,1.0,0.0,0.0,0.0,0.0,LEDEVE20250818
49,Leeds,0,0.9186563715338704,0.3475925341961302,0.4329646022464979,0.1778427991782689,0.036773998180908964,0.0048260661981940345,Everton,0,0.0,1.0,0.0,0.0,0.0,0.0,LEDEVE20250818
49,Leeds,0,0.9186563715338704,0.3475925341961302,0.4329646022464979,0.1778427991782689,0.036773998180908964,0.0048260661981940345,Everton,0,0.0,1.0,0.0,0.0,0.0,0.0,LEDEVE20250818
49,Leeds,0,0.9186563715338704,0.3475925341961302,0.4329646022464979,0.1778427991782689,0.036773998180908964,0.0048260661981940345,Everton,0,0.0,1.0,0.0,0.0,0.0,0.0,LEDEVE20250818
49,Leeds,0,0.9186563715338704,0.3475925341961302,0.4329646022464979,0.1778427991782689,0.036773998180908964,0.0048260661981940345,Everton,0,0.0,1.0,0.0,0.0,0.0,0.0,LEDEVE20250818
50,Leeds,0,0.9186563715338704,0.3475925341961302,0.4329646022464979,0.1778427991782689,0.036773998180908964,0.0048260661981940345,Everton,0,0.0,1.0,0.0,0.0,0.0,0.0,LEDEVE20250818
50,Leeds,0,0.9186563715338704,0.3475925341961302,0.4329646022464979,0.1778427991782689,0.036773998180908964,0.0048260661981940345,Everton,0,0.0,1.0,0.0,0.0,0.0,0.0,LEDEVE20250818
50,Leeds,0,0.9186563715338704,0.3475925341961302,0.4329646022464979,0.1778427991782689,0.036773998180908964,0.0048260661981940345,Everton,0,0.0,1.0,0.0,0.0,0.0,0.0,LEDEVE20250818
50,Leeds,0,0.9186563715338704,0.3475925341961302,0.4329646022464979,0.1778427991782689,0.036773998180908964,0.0048260661981940345,Everton,0,0.0,1.0,0.0,0.0,0.0,0.0,LEDEVE20250818
50,Leeds,0,0.9186563715338704,0.3475925341961302,0.4329646022464979,0.1778427991782689,0.036773998180908964,0.0048260661981940345,Everton,0,0.0,1.0,0.0,0.0,0.0,0.0,LEDEVE20250818
51,Leeds,0,0.9186563715338704,0.3475925341961302,0.4329646022464979,0.1778427991782689,0.036773998180908964,0.0048260661981940345,Everton,0,0.0,1.0,0.0,0.0,0.0,0.0,LEDEVE20250818
51,Leeds,0,0.9186563715338704,0.3475925341961302,0.4329646022464979,0.1778427991782689,0.036773998180908964,0.0048260661981940345,Everton,0,0.0,1.0,0.0,0.0,0.0,0.0,LEDEVE20250818
51,Leeds,0,0.9186563715338704,0.3475925341961302,0.4329646022464979,0.1778427991782689,0.036773998180908964,0.0048260661981940345,Everton,0,0.0,1.0,0.0,0.0,0.0,0.0,LEDEVE20250818
51,Leeds,0,0.9186563715338704,0.3475925341961302,0.4329646022464979,0.1778427991782689,0.036773998180908964,0.0048260661981940345,Everton,0,0.0,1.0,0.0,0.0,0.0,0.0,LEDEVE20250818
51,Leeds,0,0.9186563715338704,0.3475925341961302,0.4329646022464979,0.1778427991782689,0.036773998180908964,0.0048260661981940345,Everton,0,0.0,1.0,0.0,0.0,0.0,0.0,LEDEVE20250818
52,Leeds,0,0.9186563715338704,0.3475925341961302,0.4329646022464979,0.1778427991782689,0.036773998180908964,0.0048260661981940345,Everton,0,0.0,1.0,0.0,0.0,0.0,0.0,LEDEVE20250818
52,Leeds,0,0.9186563715338704,0.3475925341961302,0.4329646022464979,0.1778427991782689,0.036773998180908964,0.0048260661981940345,Everton,0,0.0,1.0,0.0,0.0,0.0,0.0,LEDEVE20250818
52,Leeds,0,0.9186563715338704,0.3475925341961302,0.4329646022464979,0.1778427991782689,0.036773998180908964,0.0048260661981940345,Everton,0,0.0,1.0,0.0,0.0,0.0,0.0,LEDEVE20250818
52,Leeds,0,0.9186563715338704,0.3475925341961302,0.4329646022464979,0.1778427991782689,0.036773998180908964,0.0048260661981940345,Everton,0,0.0,1.0,0.0,0.0,0.0,0.0,LEDEVE20250818
52,Leeds,0,0.9186563715338704,0.3475925341961302,0.4329646022464979,0.1778427991782689,0.036773998180908964,0.0048260661981940345,Everton,0,0.0,1.0,0.0,0.0,0.0,0.0,LEDEVE20250818
53,Leeds,0,0.9186563715338704,0.3475925341961302,0.4329646022464979,0.1778427991782689,0.036773998180908964,0.0048260661981940345,Everton,0,0.0354994907975196,0.992900101840496,0.00709989815950392,0.0,0.0,0.0,LEDEVE20250818
53,Leeds,0,0.9186563715338704,0.3475925341961302,0.4329646022464979,0.1778427991782689,0.036773998180908964,0.0048260661981940345,Everton,0,0.0354994907975196,0.9858002036809922,0.01419979631900784,0.0,0.0,0.0,LEDEVE20250818
53,Leeds,0,0.9186563715338704,0.3475925341961302,0.4329646022464979,0.1778427991782689,0.036773998180908964,0.0048260661981940345,Everton,0,0.0354994907975196,0.9787003055214882,0.02129969447851176,0.0,0.0,0.0,LEDEVE20250818
53,Leeds,0,0.9186563715338704,0.3475925341961302,0.4329646022464979,0.1778427991782689,0.036773998180908964,0.0048260661981940345,Everton,0,0.0354994907975196,0.9716004073619844,0.02839959263801568,0.0,0.0,0.0,LEDEVE20250818
53,Leeds,0,0.9186563715338704,0.3475925341961302,0.4329646022464979,0.1778427991782689,0.036773998180908964,0.0048260661981940345,Everton,0,0.0354994907975196,0.9645005092024804,0.0354994907975196,0.0,0.0,0.0,LEDEVE20250818
54,Leeds,0,1.00483226776123,0.34160171456487204,0.4314931993510932,0.18223986918357782,0.03920534425204227,0.005459872648414632,Everton,0,0.0354994907975196,0.9645005092024804,0.0354994907975196,0.0,0.0,0.0,LEDEVE20250818
54,Leeds,0,1.00483226776123,0.3356108949336139,0.4300217964556885,0.18663693918888677,0.041636690323175574,0.00609367909863523,Everton,0,0.0354994907975196,0.9645005092024804,0.0354994907975196,0.0,0.0,0.0,LEDEVE20250818
54,Leeds,0,1.00483226776123,0.32962007530235576,0.4285503935602838,0.1910340091941957,0.04406803639430888,0.006727485548855827,Everton,0,0.0354994907975196,0.9645005092024804,0.0354994907975196,0.0,0.0,0.0,LEDEVE20250818
54,Leeds,0,1.00483226776123,0.3236292556710976,0.4270789906648791,0.19543107919950464,0.04649938246544219,0.007361291999076425,Everton,0,0.0354994907975196,0.9645005092024804,0.0354994907975196,0.0,0.0,0.0,LEDEVE20250818
54,Leeds,0,1.00483226776123,0.3176384360398395,0.4256075877694744,0.19982814920481357,0.04893072853657549,0.007995098449297022,Everton,0,0.0354994907975196,0.9645005092024804,0.0354994907975196,0.0,0.0,0.0,LEDEVE20250818
55,Leeds,0,1.00483226776123,0.3176384360398395,0.4256075877694744,0.19982814920481357,0.04893072853657549,0.007995098449297022,Everton,0,0.0354994907975196,0.9645005092024804,0.0354994907975196,0.0,0.0,0.0,LEDEVE20250818
55,Leeds,0,1.00483226776123,0.3176384360398395,0.4256075877694744,0.19982814920481357,0.04893072853657549,0.007995098449297022,Everton,0,0.0354994907975196,0.9645005092024804,0.0354994907975196,0.0,0.0,0.0,LEDEVE20250818
55,Leeds,0,1.00483226776123,0.3176384360398395,0.4256075877694744,0.19982814920481357,0.04893072853657549,0.007995098449297022,Everton,0,0.0354994907975196,0.9645005092024804,0.0354994907975196,0.0,0.0,0.0,LEDEVE20250818
55,Leeds,0,1.00483226776123,0.3176384360398395,0.4256075877694744,0.19982814920481357,0.04893072853657549,0.007995098449297022,Everton,0,0.0354994907975196,0.9645005092024804,0.0354994907975196,0.0,0.0,0.0,LEDEVE20250818
55,Leeds,0,1.00483226776123,0.3176384360398395,0.4256075877694744,0.19982814920481357,0.04893072853657549,0.007995098449297022,Everton,0,0.0354994907975196,0.9645005092024804,0.0354994907975196,0.0,0.0,0.0,LEDEVE20250818
56,Leeds,0,1.00483226776123,0.3176384360398395,0.4256075877694744,0.19982814920481357,0.04893072853657549,0.007995098449297022,Everton,0,0.0354994907975196,0.9645005092024804,0.0354994907975196,0.0,0.0,0.0,LEDEVE20250818
56,Leeds,0,1.00483226776123,0.3176384360398395,0.4256075877694744,0.19982814920481357,0.04893072853657549,0.007995098449297022,Everton,0,0.0354994907975196,0.9645005092024804,0.0354994907975196,0.0,0.0,0.0,LEDEVE20250818
56,Leeds,0,1.00483226776123,0.3176384360398395,0.4256075877694744,0.19982814920481357,0.04893072853657549,0.007995098449297022,Everton,0,0.0354994907975196,0.9645005092024804,0.0354994907975196,0.0,0.0,0.0,LEDEVE20250818
56,Leeds,0,1.00483226776123,0.3176384360398395,0.4256075877694744,0.19982814920481357,0.04893072853657549,0.007995098449297022,Everton,0,0.0354994907975196,0.9645005092024804,0.0354994907975196,0.0,0.0,0.0,LEDEVE20250818
56,Leeds,0,1.00483226776123,0.3176384360398395,0.4256075877694744,0.19982814920481357,0.04893072853657549,0.007995098449297022,Everton,0,0.0354994907975196,0.9645005092024804,0.0354994907975196,0.0,0.0,0.0,LEDEVE20250818
57,Leeds,0,1.00483226776123,0.3176384360398395,0.4256075877694744,0.19982814920481357,0.04893072853657549,0.007995098449297022,Everton,0,0.0354994907975196,0.9645005092024804,0.0354994907975196,0.0,0.0,0.0,LEDEVE20250818
57,Leeds,0,1.00483226776123,0.3176384360398395,0.4256075877694744,0.19982814920481357,0.04893072853657549,0.007995098449297022,Everton,0,0.0354994907975196,0.9645005092024804,0.0354994907975196,0.0,0.0,0.0,LEDEVE20250818
57,Leeds,0,1.00483226776123,0.3176384360398395,0.4256075877694744,0.19982814920481357,0.04893072853657549,0.007995098449297022,Everton,0,0.0354994907975196,0.9645005092024804,0.0354994907975196,0.0,0.0,0.0,LEDEVE20250818
57,Leeds,0,1.00483226776123,0.3176384360398395,0.4256075877694744,0.19982814920481357,0.04893072853657549,0.007995098449297022,Everton,0,0.0354994907975196,0.9645005092024804,0.0354994907975196,0.0,0.0,0.0,LEDEVE20250818
57,Leeds,0,1.00483226776123,0.3176384360398395,0.4256075877694744,0.19982814920481357,0.04893072853657549,0.007995098449297022,Everton,0,0.0354994907975196,0.9645005092024804,0.0354994907975196,0.0,0.0,0.0,LEDEVE20250818
58,Leeds,0,1.00483226776123,0.3176384360398395,0.4256075877694744,0.19982814920481357,0.04893072853657549,0.007995098449297022,Everton,0,0.0354994907975196,0.9645005092024804,0.0354994907975196,0.0,0.0,0.0,LEDEVE20250818
58,Leeds,0,1.00483226776123,0.3176384360398395,0.4256075877694744,0.19982814920481357,0.04893072853657549,0.007995098449297022,Everton,0,0.0354994907975196,0.9645005092024804,0.0354994907975196,0.0,0.0,0.0,LEDEVE20250818
58,Leeds,0,1.00483226776123,0.3176384360398395,0.4256075877694744,0.19982814920481357,0.04893072853657549,0.007995098449297022,Everton,0,0.0354994907975196,0.9645005092024804,0.0354994907975196,0.0,0.0,0.0,LEDEVE20250818
58,Leeds,0,1.00483226776123,0.3176384360398395,0.4256075877694744,0.19982814920481357,0.04893072853657549,0.007995098449297022,Everton,0,0.0354994907975196,0.9645005092024804,0.0354994907975196,0.0,0.0,0.0,LEDEVE20250818
58,Leeds,0,1.00483226776123,0.3176384360398395,0.4256075877694744,0.19982814920481357,0.04893072853657549,0.007995098449297022,Everton,0,0.0354994907975196,0.9645005092024804,0.0354994907975196,0.0,0.0,0.0,LEDEVE20250818
59,Leeds,0,1.0649667717516418,0.3138182300799303,0.4243090534923689,0.20254357611467746,0.050745556845638896,0.008583583467384326,Everton,0,0.0354994907975196,0.9645005092024804,0.0354994907975196,0.0,0.0,0.0,LEDEVE20250818
59,Leeds,0,1.0649667717516418,0.30999802412002114,0.4230105192152635,0.2052590030245414,0.0525603851547023,0.00917206848547163,Everton,0,0.0354994907975196,0.9645005092024804,0.0354994907975196,0.0,0.0,0.0,LEDEVE20250818
59,Leeds,0,1.0649667717516418,0.30617781816011197,0.42171198493815804,0.2079744299344053,0.05437521346376571,0.009760553503558932,Everton,0,0.0354994907975196,0.9645005092024804,0.0354994907975196,0.0,0.0,0.0,LEDEVE20250818
59,Leeds,0,1.0649667717516418,0.3023576122002028,0.4204134506610526,0.21068985684426922,0.056190041772829116,0.010349038521646236,Everton,0,0.0354994907975196,0.9645005092024804,0.0354994907975196,0.0,0.0,0.0,LEDEVE20250818
59,Leeds,0,1.0649667717516418,0.2985374062402936,0.41911491638394716,0.21340528375413312,0.05800487008189252,0.01093752353973354,Everton,0,0.0354994907975196,0.9645005092024804,0.0354994907975196,0.0,0.0,0.0,LEDEVE20250818
60,Leeds,0,1.0649667717516418,0.2985374062402936,0.41911491638394716,0.21340528375413312,0.05800487008189252,0.01093752353973354,Everton,0,0.0354994907975196,0.9645005092024804,0.0354994907975196,0.0,0.0,0.0,LEDEVE20250818
60,Leeds,0,1.0649667717516418,0.2985374062402936,0.41911491638394716,0.21340528375413312,0.05800487008189252,0.01093752353973354,Everton,0,0.0354994907975196,0.9645005092024804,0.0354994907975196,0.0,0.0,0.0,LEDEVE20250818
60,Leeds,0,1.0649667717516418,0.2985374062402936,0.41911491638394716,0.21340528375413312,0.05800487008189252,0.01093752353973354,Everton,0,0.0354994907975196,0.9645005092024804,0.0354994907975196,0.0,0.0,0.0,LEDEVE20250818
60,Leeds,0,1.0649667717516418,0.2985374062402936,0.41911491638394716,0.21340528375413312,0.05800487008189252,0.01093752353973354,Everton,0,0.0354994907975196,0.9645005092024804,0.0354994907975196,0.0,0.0,0.0,LEDEVE20250818
60,Leeds,0,1.0649667717516418,0.2985374062402936,0.41911491638394716,0.21340528375413312,0.05800487008189252,0.01093752353973354,Everton,0,0.0354994907975196,0.9645005092024804,0.0354994907975196,0.0,0.0,0.0,LEDEVE20250818
61,Leeds,0,1.0649667717516418,0.2985374062402936,0.41911491638394716,0.21340528375413312,0.05800487008189252,0.01093752353973354,Everton,0,0.0354994907975196,0.9645005092024804,0.0354994907975196,0.0,0.0,0.0,LEDEVE20250818
61,Leeds,0,1.0649667717516418,0.2985374062402936,0.41911491638394716,0.21340528375413312,0.05800487008189252,0.01093752353973354,Everton,0,0.0354994907975196,0.9645005092024804,0.0354994907975196,0.0,0.0,0.0,LEDEVE20250818
61,Leeds,0,1.0649667717516418,0.2985374062402936,0.41911491638394716,0.21340528375413312,0.05800487008189252,0.01093752353973354,Everton,0,0.0354994907975196,0.9645005092024804,0.0354994907975196,0.0,0.0,0.0,LEDEVE20250818
61,Leeds,0,1.0649667717516418,0.2985374062402936,0.41911491638394716,0.21340528375413312,0.05800487008189252,0.01093752353973354,Everton,0,0.0354994907975196,0.9645005092024804,0.0354994907975196,0.0,0.0,0.0,LEDEVE20250818
61,Leeds,0,1.0649667717516418,0.2985374062402936,0.41911491638394716,0.21340528375413312,0.05800487008189252,0.01093752353973354,Everton,0,0.0354994907975196,0.9645005092024804,0.0354994907975196,0.0,0.0,0.0,LEDEVE20250818
62,Leeds,0,1.0649667717516418,0.2985374062402936,0.41911491638394716,0.21340528375413312,0.05800487008189252,0.01093752353973354,Everton,0,0.0354994907975196,0.9645005092024804,0.0354994907975196,0.0,0.0,0.0,LEDEVE20250818
62,Leeds,0,1.0649667717516418,0.2985374062402936,0.41911491638394716,0.21340528375413312,0.05800487008189252,0.01093752353973354,Everton,0,0.0354994907975196,0.9645005092024804,0.0354994907975196,0.0,0.0,0.0,LEDEVE20250818
62,Leeds,0,1.0649667717516418,0.2985374062402936,0.41911491638394716,0.21340528375413312,0.05800487008189252,0.01093752353973354,Everton,0,0.0354994907975196,0.9645005092024804,0.0354994907975196,0.0,0.0,0.0,LEDEVE20250818
62,Leeds,0,1.0649667717516418,0.2985374062402936,0.41911491638394716,0.21340528375413312,0.05800487008189252,0.01093752353973354,Everton,0,0.0354994907975196,0.9645005092024804,0.0354994907975196,0.0,0.0,0.0,LEDEVE20250818
62,Leeds,0,1.0649667717516418,0.2985374062402936,0.41911491638394716,0.21340528375413312,0.05800487008189252,0.01093752353973354,Everton,0,0.0354994907975196,0.9645005092024804,0.0354994907975196,0.0,0.0,0.0,LEDEVE20250818
63,Leeds,0,1.0649667717516418,0.2985374062402936,0.41911491638394716,0.21340528375413312,0.05800487008189252,0.01093752353973354,Everton,0,0.06763126701116551,0.9583022862985521,0.04146958136264707,0.00022813233880085638,0.0,0.0,LEDEVE20250818
63,Leeds,0,1.0649667717516418,0.2985374062402936,0.41911491638394716,0.21340528375413312,0.05800487008189252,0.01093752353973354,Everton,0,0.06763126701116551,0.9521040633946237,0.047439671927774534,0.00045626467760171276,0.0,0.0,LEDEVE20250818
63,Leeds,0,1.0649667717516418,0.2985374062402936,0.41911491638394716,0.21340528375413312,0.05800487008189252,0.01093752353973354,Everton,0,0.06763126701116551,0.9459058404906955,0.053409762492902,0.0006843970164025692,0.0,0.0,LEDEVE20250818
63,Leeds,0,1.0649667717516418,0.2985374062402936,0.41911491638394716,0.21340528375413312,0.05800487008189252,0.01093752353973354,Everton,0,0.06763126701116551,0.9397076175867671,0.059379853058029466,0.0009125293552034255,0.0,0.0,LEDEVE20250818
63,Leeds,0,1.0649667717516418,0.2985374062402936,0.41911491638394716,0.21340528375413312,0.05800487008189252,0.01093752353973354,Everton,0,0.06763126701116551,0.9335093946828388,0.06534994362315694,0.0011406616940042818,0.0,0.0,LEDEVE20250818
64,Leeds,0,1.0649667717516418,0.2985374062402936,0.41911491638394716,0.21340528375413312,0.05800487008189252,0.01093752353973354,Everton,0,0.06763126701116551,0.9335093946828388,0.06534994362315694,0.0011406616940042818,0.0,0.0,LEDEVE20250818
64,Leeds,0,1.0649667717516418,0.2985374062402936,0.41911491638394716,0.21340528375413312,0.05800487008189252,0.01093752353973354,Everton,0,0.06763126701116551,0.9335093946828388,0.06534994362315694,0.0011406616940042818,0.0,0.0,LEDEVE20250818
64,Leeds,0,1.0649667717516418,0.2985374062402936,0.41911491638394716,0.21340528375413312,0.05800487008189252,0.01093752353973354,Everton,0,0.06763126701116551,0.9335093946828388,0.06534994362315694,0.0011406616940042818,0.0,0.0,LEDEVE20250818
64,Leeds,0,1.0649667717516418,0.2985374062402936,0.41911491638394716,0.21340528375413312,0.05800487008189252,0.01093752353973354,Everton,0,0.06763126701116551,0.9335093946828388,0.06534994362315694,0.0011406616940042818,0.0,0.0,LEDEVE20250818
64,Leeds,0,1.0649667717516418,0.2985374062402936,0.41911491638394716,0.21340528375413312,0.05800487008189252,0.01093752353973354,Everton,0,0.06763126701116551,0.9335093946828388,0.06534994362315694,0.0011406616940042818,0.0,0.0,LEDEVE20250818
65,Leeds,0,1.0649667717516418,0.2985374062402936,0.41911491638394716,0.21340528375413312,0.05800487008189252,0.01093752353973354,Everton,0,0.06763126701116551,0.9335093946828388,0.06534994362315694,0.0011406616940042818,0.0,0.0,LEDEVE20250818
65,Leeds,0,1.0649667717516418,0.2985374062402936,0.41911491638394716,0.21340528375413312,0.05800487008189252,0.01093752353973354,Everton,0,0.06763126701116551,0.9335093946828388,0.06534994362315694,0.0011406616940042818,0.0,0.0,LEDEVE20250818
65,Leeds,0,1.0649667717516418,0.2985374062402936,0.41911491638394716,0.21340528375413312,0.05800487008189252,0.01093752353973354,Everton,0,0.06763126701116551,0.9335093946828388,0.06534994362315694,0.0011406616940042818,0.0,0.0,LEDEVE20250818
65,Leeds,0,1.0649667717516418,0.2985374062402936,0.41911491638394716,0.21340528375413312,0.05800487008189252,0.01093752353973354,Everton,0,0.06763126701116551,0.9335093946828388,0.06534994362315694,0.0011406616940042818,0.0,0.0,LEDEVE20250818
65,Leeds,0,1.0649667717516418,0.2985374062402936,0.41911491638394716,0.21340528375413312,0.05800487008189252,0.01093752353973354,Everton,0,0.06763126701116551,0.9335093946828388,0.06534994362315694,0.0011406616940042818,0.0,0.0,LEDEVE20250818
66,Leeds,0,1.0649667717516418,0.2985374062402936,0.41911491638394716,0.21340528375413312,0.05800487008189252,0.01093752353973354,Everton,0,0.06763126701116551,0.9335093946828388,0.06534994362315694,0.0011406616940042818,0.0,0.0,LEDEVE20250818
66,Leeds,0,1.0649667717516418,0.2985374062402936,0.41911491638394716,0.21340528375413312,0.05800487008189252,0.01093752353973354,Everton,0,0.06763126701116551,0.9335093946828388,0.06534994362315694,0.0011406616940042818,0.0,0.0,LEDEVE20250818
66,Leeds,0,1.0649667717516418,0.2985374062402936,0.41911491638394716,0.21340528375413312,0.05800487008189252,0.01093752353973354,Everton,0,0.06763126701116551,0.9335093946828388,0.06534994362315694,0.0011406616940042818,0.0,0.0,LEDEVE20250818
66,Leeds,0,1.0649667717516418,0.2985374062402936,0.41911491638394716,0.21340528375413312,0.05800487008189252,0.01093752353973354,Everton,0,0.06763126701116551,0.9335093946828388,0.06534994362315694,0.0011406616940042818,0.0,0.0,LEDEVE20250818
66,Leeds,0,1.0649667717516418,0.2985374062402936,0.41911491638394716,0.21340528375413312,0.05800487008189252,0.01093752353973354,Everton,0,0.06763126701116551,0.9335093946828388,0.06534994362315694,0.0011406616940042818,0.0,0.0,LEDEVE20250818
67,Leeds,0,1.0649667717516418,0.2985374062402936,0.41911491638394716,0.21340528375413312,0.05800487008189252,0.01093752353973354,Everton,0,0.06763126701116551,0.9335093946828388,0.06534994362315694,0.0011406616940042818,0.0,0.0,LEDEVE20250818
67,Leeds,0,1.0649667717516418,0.2985374062402936,0.41911491638394716,0.21340528375413312,0.05800487008189252,0.01093752353973354,Everton,0,0.06763126701116551,0.9335093946828388,0.06534994362315694,0.0011406616940042818,0.0,0.0,LEDEVE20250818
67,Leeds,0,1.0649667717516418,0.2985374062402936,0.41911491638394716,0.21340528375413312,0.05800487008189252,0.01093752353973354,Everton,0,0.06763126701116551,0.9335093946828388,0.06534994362315694,0.0011406616940042818,0.0,0.0,LEDEVE20250818
67,Leeds,0,1.0649667717516418,0.2985374062402936,0.41911491638394716,0.21340528375413312,0.05800487008189252,0.01093752353973354,Everton,0,0.06763126701116551,0.9335093946828388,0.06534994362315694,0.0011406616940042818,0.0,0.0,LEDEVE20250818
67,Leeds,0,1.0649667717516418,0.2985374062402936,0.41911491638394716,0.21340528375413312,0.05800487008189252,0.01093752353973354,Everton,0,0.06763126701116551,0.9335093946828388,0.06534994362315694,0.0011406616940042818,0.0,0.0,LEDEVE20250818
68,Leeds,0,1.0649667717516418,0.2985374062402936,0.41911491638394716,0.21340528375413312,0.05800487008189252,0.01093752353973354,Everton,0,0.06763126701116551,0.9335093946828388,0.06534994362315694,0.0011406616940042818,0.0,0.0,LEDEVE20250818
68,Leeds,0,1.0649667717516418,0.2985374062402936,0.41911491638394716,0.21340528375413312,0.05800487008189252,0.01093752353973354,Everton,0,0.06763126701116551,0.9335093946828388,0.06534994362315694,0.0011406616940042818,0.0,0.0,LEDEVE20250818
68,Leeds,0,1.0649667717516418,0.2985374062402936,0.41911491638394716,0.21340528375413312,0.05800487008189252,0.01093752353973354,Everton,0,0.06763126701116551,0.9335093946828388,0.06534994362315694,0.0011406616940042818,0.0,0.0,LEDEVE20250818
68,Leeds,0,1.0649667717516418,0.2985374062402936,0.41911491638394716,0.21340528375413312,0.05800487008189252,0.01093752353973354,Everton,0,0.06763126701116551,0.9335093946828388,0.06534994362315694,0.0011406616940042818,0.0,0.0,LEDEVE20250818
68,Leeds,0,1.0649667717516418,0.2985374062402936,0.41911491638394716,0.21340528375413312,0.05800487008189252,0.01093752353973354,Everton,0,0.06763126701116551,0.9335093946828388,0.06534994362315694,0.0011406616940042818,0.0,0.0,LEDEVE20250818
69,Leeds,0,1.0649667717516418,0.2985374062402936,0.41911491638394716,0.21340528375413312,0.05800487008189252,0.01093752353973354,Everton,0,0.06763126701116551,0.9335093946828388,0.06534994362315694,0.0011406616940042818,0.0,0.0,LEDEVE20250818
69,Leeds,0,1.0649667717516418,0.2985374062402936,0.41911491638394716,0.21340528375413312,0.05800487008189252,0.01093752353973354,Everton,0,0.06763126701116551,0.9335093946828388,0.06534994362315694,0.0011406616940042818,0.0,0.0,LEDEVE20250818
69,Leeds,0,1.0649667717516418,0.2985374062402936,0.41911491638394716,0.21340528375413312,0.05800487008189252,0.01093752353973354,Everton,0,0.06763126701116551,0.9335093946828388,0.06534994362315694,0.0011406616940042818,0.0,0.0,LEDEVE20250818
69,Leeds,0,1.0649667717516418,0.2985374062402936,0.41911491638394716,0.21340528375413312,0.05800487008189252,0.01093752353973354,Everton,0,0.06763126701116551,0.9335093946828388,0.06534994362315694,0.0011406616940042818,0.0,0.0,LEDEVE20250818
69,Leeds,0,1.0649667717516418,0.2985374062402936,0.41911491638394716,0.21340528375413312,0.05800487008189252,0.01093752353973354,Everton,0,0.06763126701116551,0.9335093946828388,0.06534994362315694,0.0011406616940042818,0.0,0.0,LEDEVE20250818
70,Leeds,0,1.0649667717516418,0.2985374062402936,0.41911491638394716,0.21340528375413312,0.05800487008189252,0.01093752353973354,Everton,0,0.06763126701116551,0.9335093946828388,0.06534994362315694,0.0011406616940042818,0.0,0.0,LEDEVE20250818
70,Leeds,0,1.0649667717516418,0.2985374062402936,0.41911491638394716,0.21340528375413312,0.05800487008189252,0.01093752353973354,Everton,0,0.06763126701116551,0.9335093946828388,0.06534994362315694,0.0011406616940042818,0.0,0.0,LEDEVE20250818
70,Leeds,0,1.0649667717516418,0.2985374062402936,0.41911491638394716,0.21340528375413312,0.05800487008189252,0.01093752353973354,Everton,0,0.06763126701116551,0.9335093946828388,0.06534994362315694,0.0011406616940042818,0.0,0.0,LEDEVE20250818
70,Leeds,0,1.0649667717516418,0.2985374062402936,0.41911491638394716,0.21340528375413312,0.05800487008189252,0.01093752353973354,Everton,0,0.06763126701116551,0.9335093946828388,0.06534994362315694,0.0011406616940042818,0.0,0.0,LEDEVE20250818
70,Leeds,0,1.0649667717516418,0.2985374062402936,0.41911491638394716,0.21340528375413312,0.05800487008189252,0.01093752353973354,Everton,0,0.06763126701116551,0.9335093946828388,0.06534994362315694,0.0011406616940042818,0.0,0.0,LEDEVE20250818
71,Leeds,0,1.0649667717516418,0.2985374062402936,0.41911491638394716,0.21340528375413312,0.05800487008189252,0.01093752353973354,Everton,0,0.06763126701116551,0.9335093946828388,0.06534994362315694,0.0011406616940042818,0.0,0.0,LEDEVE20250818
71,Leeds,0,1.0649667717516418,0.2985374062402936,0.41911491638394716,0.21340528375413312,0.05800487008189252,0.01093752353973354,Everton,0,0.06763126701116551,0.9335093946828388,0.06534994362315694,0.0011406616940042818,0.0,0.0,LEDEVE20250818
71,Leeds,0,1.0649667717516418,0.2985374062402936,0.41911491638394716,0.21340528375413312,0.05800487008189252,0.01093752353973354,Everton,0,0.06763126701116551,0.9335093946828388,0.06534994362315694,0.0011406616940042818,0.0,0.0,LEDEVE20250818
71,Leeds,0,1.0649667717516418,0.2985374062402936,0.41911491638394716,0.21340528375413312,0.05800487008189252,0.01093752353973354,Everton,0,0.06763126701116551,0.9335093946828388,0.06534994362315694,0.0011406616940042818,0.0,0.0,LEDEVE20250818
71,Leeds,0,1.0649667717516418,0.2985374062402936,0.41911491638394716,0.21340528375413312,0.05800487008189252,0.01093752353973354,Everton,0,0.06763126701116551,0.9335093946828388,0.06534994362315694,0.0011406616940042818,0.0,0.0,LEDEVE20250818
72,Leeds,0,1.0649667717516418,0.2985374062402936,0.41911491638394716,0.21340528375413312,0.05800487008189252,0.01093752353973354,Everton,0,0.06763126701116551,0.9335093946828388,0.06534994362315694,0.0011406616940042818,0.0,0.0,LEDEVE20250818
72,Leeds,0,1.0649667717516418,0.2985374062402936,0.41911491638394716,0.21340528375413312,0.05800487008189252,0.01093752353973354,Everton,0,0.06763126701116551,0.9335093946828388,0.06534994362315694,0.0011406616940042818,0.0,0.0,LEDEVE20250818
72,Leeds,0,1.0649667717516418,0.2985374062402936,0.41911491638394716,0.21340528375413312,0.05800487008189252,0.01093752353973354,Everton,0,0.06763126701116551,0.9335093946828388,0.06534994362315694,0.0011406616940042818,0.0,0.0,LEDEVE20250818
72,Leeds,0,1.0649667717516418,0.2985374062402936,0.41911491638394716,0.21340528375413312,0.05800487008189252,0.01093752353973354,Everton,0,0.06763126701116551,0.9335093946828388,0.06534994362315694,0.0011406616940042818,0.0,0.0,LEDEVE20250818
72,Leeds,0,1.0649667717516418,0.2985374062402936,0.41911491638394716,0.21340528375413312,0.05800487008189252,0.01093752353973354,Everton,0,0.06763126701116551,0.9335093946828388,0.06534994362315694,0.0011406616940042818,0.0,0.0,LEDEVE20250818
73,Leeds,0,1.0649667717516418,0.2985374062402936,0.41911491638394716,0.21340528375413312,0.05800487008189252,0.01093752353973354,Everton,0,0.06763126701116551,0.9335093946828388,0.06534994362315694,0.0011406616940042818,0.0,0.0,LEDEVE20250818
73,Leeds,0,1.0649667717516418,0.2985374062402936,0.41911491638394716,0.21340528375413312,0.05800487008189252,0.01093752353973354,Everton,0,0.06763126701116551,0.9335093946828388,0.06534994362315694,0.0011406616940042818,0.0,0.0,LEDEVE20250818
73,Leeds,0,1.0649667717516418,0.2985374062402936,0.41911491638394716,0.21340528375413312,0.05800487008189252,0.01093752353973354,Everton,0,0.06763126701116551,0.9335093946828388,0.06534994362315694,0.0011406616940042818,0.0,0.0,LEDEVE20250818
73,Leeds,0,1.0649667717516418,0.2985374062402936,0.41911491638394716,0.21340528375413312,0.05800487008189252,0.01093752353973354,Everton,0,0.06763126701116551,0.9335093946828388,0.06534994362315694,0.0011406616940042818,0.0,0.0,LEDEVE20250818
73,Leeds,0,1.0649667717516418,0.2985374062402936,0.41911491638394716,0.21340528375413312,0.05800487008189252,0.01093752353973354,Everton,0,0.06763126701116551,0.9335093946828388,0.06534994362315694,0.0011406616940042818,0.0,0.0,LEDEVE20250818
74,Leeds,0,1.0649667717516418,0.2985374062402936,0.41911491638394716,0.21340528375413312,0.05800487008189252,0.01093752353973354,Everton,0,0.06763126701116551,0.9335093946828388,0.06534994362315694,0.0011406616940042818,0.0,0.0,LEDEVE20250818
74,Leeds,0,1.0649667717516418,0.2985374062402936,0.41911491638394716,0.21340528375413312,0.05800487008189252,0.01093752353973354,Everton,0,0.06763126701116551,0.9335093946828388,0.06534994362315694,0.0011406616940042818,0.0,0.0,LEDEVE20250818
74,Leeds,0,1.0649667717516418,0.2985374062402936,0.41911491638394716,0.21340528375413312,0.05800487008189252,0.01093752353973354,Everton,0,0.06763126701116551,0.9335093946828388,0.06534994362315694,0.0011406616940042818,0.0,0.0,LEDEVE20250818
74,Leeds,0,1.0649667717516418,0.2985374062402936,0.41911491638394716,0.21340528375413312,0.05800487008189252,0.01093752353973354,Everton,0,0.06763126701116551,0.9335093946828388,0.06534994362315694,0.0011406616940042818,0.0,0.0,LEDEVE20250818
74,Leeds,0,1.0649667717516418,0.2985374062402936,0.41911491638394716,0.21340528375413312,0.05800487008189252,0.01093752353973354,Everton,0,0.06763126701116551,0.9335093946828388,0.06534994362315694,0.0011406616940042818,0.0,0.0,LEDEVE20250818
75,Leeds,0,1.0649667717516418,0.2985374062402936,0.41911491638394716,0.21340528375413312,0.05800487008189252,0.01093752353973354,Everton,0,0.13560791313648213,0.920818027127436,0.07715285718016356,0.002013608021136021,1.550767126440665e-05,0.0,LEDEVE20250818
75,Leeds,0,1.0649667717516418,0.2985374062402936,0.41911491638394716,0.21340528375413312,0.05800487008189252,0.01093752353973354,Everton,0,0.13560791313648213,0.9081266595720332,0.08895577073717018,0.0028865543482677605,3.10153425288133e-05,0.0,LEDEVE20250818
75,Leeds,0,1.0649667717516418,0.2985374062402936,0.41911491638394716,0.21340528375413312,0.05800487008189252,0.01093752353973354,Everton,0,0.13560791313648213,0.8954352920166305,0.10075868429417681,0.0037595006753994996,4.6523013793219945e-05,0.0,LEDEVE20250818
75,Leeds,0,1.0649667717516418,0.2985374062402936,0.41911491638394716,0.21340528375413312,0.05800487008189252,0.01093752353973354,Everton,0,0.13560791313648213,0.8827439244612277,0.11256159785118343,0.004632447002531239,6.20306850576266e-05,0.0,LEDEVE20250818
75,Leeds,0,1.0649667717516418,0.2985374062402936,0.41911491638394716,0.21340528375413312,0.05800487008189252,0.01093752353973354,Everton,0,0.13560791313648213,0.870052556905825,0.12436451140819005,0.005505393329662978,7.753835632203324e-05,0.0,LEDEVE20250818
76,Leeds,0,1.0649667717516418,0.2985374062402936,0.41911491638394716,0.21340528375413312,0.05800487008189252,0.01093752353973354,Everton,0,0.21209918707609163,0.8567422712113967,0.13577223712052036,0.007323730401895979,0.00016057506465609204,1.1862015308672368e-06,LEDEVE20250818
76,Leeds,0,1.0649667717516418,0.2985374062402936,0.41911491638394716,0.21340528375413312,0.05800487008189252,0.01093752353973354,Everton,0,0.21209918707609163,0.8434319855169685,0.14717996283285067,0.00914206747412898,0.0002436117729901508,2.3724030617344736e-06,LEDEVE20250818
76,Leeds,0,1.0649667717516418,0.2985374062402936,0.41911491638394716,0.21340528375413312,0.05800487008189252,0.01093752353973354,Everton,0,0.21209918707609163,0.8301216998225402,0.15858768854518102,0.010960404546361982,0.00032664848132420957,3.5586045926017104e-06,LEDEVE20250818
76,Leeds,0,1.0649667717516418,0.2985374062402936,0.41911491638394716,0.21340528375413312,0.05800487008189252,0.01093752353973354,Everton,0,0.21209918707609163,0.8168114141281121,0.16999541425751133,0.012778741618594982,0.0004096851896582684,4.744806123468947e-06,LEDEVE20250818
76,Leeds,0,1.0649667717516418,0.2985374062402936,0.41911491638394716,0.21340528375413312,0.05800487008189252,0.01093752353973354,Everton,0,0.21209918707609163,0.8035011284336838,0.18140313996984164,0.014597078690827983,0.0004927218979923272,5.9310076543361845e-06,LEDEVE20250818
77,Leeds,0,1.0649667717516418,0.2985374062402936,0.41911491638394716,0.21340528375413312,0.05800487008189252,0.01093752353973354,Everton,0,0.21209918707609163,0.8035011284336838,0.18140313996984164,0.014597078690827983,0.0004927218979923272,5.9310076543361845e-06,LEDEVE20250818
77,Leeds,0,1.0649667717516418,0.2985374062402936,0.41911491638394716,0.21340528375413312,0.05800487008189252,0.01093752353973354,Everton,0,0.21209918707609163,0.8035011284336838,0.18140313996984164,0.014597078690827983,0.0004927218979923272,5.9310076543361845e-06,LEDEVE20250818
77,Leeds,0,1.0649667717516418,0.2985374062402936,0.41911491638394716,0.21340528375413312,0.05800487008189252,0.01093752353973354,Everton,0,0.21209918707609163,0.8035011284336838,0.18140313996984164,0.014597078690827983,0.0004927218979923272,5.9310076543361845e-06,LEDEVE20250818
77,Leeds,0,1.0649667717516418,0.2985374062402936,0.41911491638394716,0.21340528375413312,0.05800487008189252,0.01093752353973354,Everton,0,0.21209918707609163,0.8035011284336838,0.18140313996984164,0.014597078690827983,0.0004927218979923272,5.9310076543361845e-06,LEDEVE20250818
77,Leeds,0,1.0649667717516418,0.2985374062402936,0.41911491638394716,0.21340528375413312,0.05800487008189252,0.01093752353973354,Everton,0,0.21209918707609163,0.8035011284336838,0.18140313996984164,0.014597078690827983,0.0004927218979923272,5.9310076543361845e-06,LEDEVE20250818
78,Leeds,0,1.0649667717516418,0.2985374062402936,0.41911491638394716,0.21340528375413312,0.05800487008189252,0.01093752353973354,Everton,0,0.21209918707609163,0.8035011284336838,0.18140313996984164,0.014597078690827983,0.0004927218979923272,5.9310076543361845e-06,LEDEVE20250818
78,Leeds,0,1.0649667717516418,0.2985374062402936,0.41911491638394716,0.21340528375413312,0.05800487008189252,0.01093752353973354,Everton,0,0.21209918707609163,0.8035011284336838,0.18140313996984164,0.014597078690827983,0.0004927218979923272,5.9310076543361845e-06,LEDEVE20250818
78,Leeds,0,1.0649667717516418,0.2985374062402936,0.41911491638394716,0.21340528375413312,0.05800487008189252,0.01093752353973354,Everton,0,0.21209918707609163,0.8035011284336838,0.18140313996984164,0.014597078690827983,0.0004927218979923272,5.9310076543361845e-06,LEDEVE20250818
78,Leeds,0,1.0649667717516418,0.2985374062402936,0.41911491638394716,0.21340528375413312,0.05800487008189252,0.01093752353973354,Everton,0,0.21209918707609163,0.8035011284336838,0.18140313996984164,0.014597078690827983,0.0004927218979923272,5.9310076543361845e-06,LEDEVE20250818
78,Leeds,0,1.0649667717516418,0.2985374062402936,0.41911491638394716,0.21340528375413312,0.05800487008189252,0.01093752353973354,Everton,0,0.21209918707609163,0.8035011284336838,0.18140313996984164,0.014597078690827983,0.0004927218979923272,5.9310076543361845e-06,LEDEVE20250818
79,Leeds,0,1.1610643975436683,0.2927996590503332,0.41679747389420335,0.2173589252137881,0.06099159224209272,0.012052349599582568,Everton,0,0.21209918707609163,0.8035011284336838,0.18140313996984164,0.014597078690827983,0.0004927218979923272,5.9310076543361845e-06,LEDEVE20250818
79,Leeds,0,1.1610643975436683,0.28706191186037283,0.41448003140445955,0.2213125666734431,0.06397831440229292,0.013167175659431596,Everton,0,0.21209918707609163,0.8035011284336838,0.18140313996984164,0.014597078690827983,0.0004927218979923272,5.9310076543361845e-06,LEDEVE20250818
79,Leeds,0,1.1610643975436683,0.2813241646704125,0.4121625889147157,0.22526620813309806,0.06696503656249311,0.014282001719280624,Everton,0,0.21209918707609163,0.8035011284336838,0.18140313996984164,0.014597078690827983,0.0004927218979923272,5.9310076543361845e-06,LEDEVE20250818
79,Leeds,0,1.1610643975436683,0.2755864174804521,0.4098451464249719,0.22921984959275304,0.06995175872269331,0.015396827779129652,Everton,0,0.21209918707609163,0.8035011284336838,0.18140313996984164,0.014597078690827983,0.0004927218979923272,5.9310076543361845e-06,LEDEVE20250818
79,Leeds,0,1.1610643975436683,0.2698486702904917,0.4075277039352281,0.23317349105240803,0.07293848088289351,0.01651165383897868,Everton,0,0.21209918707609163,0.8035011284336838,0.18140313996984164,0.014597078690827983,0.0004927218979923272,5.9310076543361845e-06,LEDEVE20250818
80,Leeds,0,1.1610643975436683,0.2698486702904917,0.4075277039352281,0.23317349105240803,0.07293848088289351,0.01651165383897868,Everton,0,0.21209918707609163,0.8035011284336838,0.18140313996984164,0.014597078690827983,0.0004927218979923272,5.9310076543361845e-06,LEDEVE20250818
80,Leeds,0,1.1610643975436683,0.2698486702904917,0.4075277039352281,0.23317349105240803,0.07293848088289351,0.01651165383897868,Everton,0,0.21209918707609163,0.8035011284336838,0.18140313996984164,0.014597078690827983,0.0004927218979923272,5.9310076543361845e-06,LEDEVE20250818
80,Leeds,0,1.1610643975436683,0.2698486702904917,0.4075277039352281,0.23317349105240803,0.07293848088289351,0.01651165383897868,Everton,0,0.21209918707609163,0.8035011284336838,0.18140313996984164,0.014597078690827983,0.0004927218979923272,5.9310076543361845e-06,LEDEVE20250818
80,Leeds,0,1.1610643975436683,0.2698486702904917,0.4075277039352281,0.23317349105240803,0.07293848088289351,0.01651165383897868,Everton,0,0.21209918707609163,0.8035011284336838,0.18140313996984164,0.014597078690827983,0.0004927218979923272,5.9310076543361845e-06,LEDEVE20250818
80,Leeds,0,1.1610643975436683,0.2698486702904917,0.4075277039352281,0.23317349105240803,0.07293848088289351,0.01651165383897868,Everton,0,0.21209918707609163,0.8035011284336838,0.18140313996984164,0.014597078690827983,0.0004927218979923272,5.9310076543361845e-06,LEDEVE20250818
81,Leeds,0,1.2470762394368644,0.2652761342726559,0.4051252578526045,0.2360924314903307,0.07569853899174354,0.017807637392665377,Everton,0,0.21209918707609163,0.8035011284336838,0.18140313996984164,0.014597078690827983,0.0004927218979923272,5.9310076543361845e-06,LEDEVE20250818
81,Leeds,0,1.2470762394368644,0.26070359825482003,0.4027228117699809,0.23901137192825336,0.07845859710059358,0.019103620946352075,Everton,0,0.21209918707609163,0.8035011284336838,0.18140313996984164,0.014597078690827983,0.0004927218979923272,5.9310076543361845e-06,LEDEVE20250818
81,Leeds,0,1.2470762394368644,0.25613106223698423,0.4003203656873573,0.24193031236617604,0.08121865520944363,0.02039960450003877,Everton,0,0.21209918707609163,0.8035011284336838,0.18140313996984164,0.014597078690827983,0.0004927218979923272,5.9310076543361845e-06,LEDEVE20250818
81,Leeds,0,1.2470762394368644,0.2515585262191484,0.3979179196047337,0.2448492528040987,0.08397871331829367,0.021695588053725467,Everton,0,0.21209918707609163,0.8035011284336838,0.18140313996984164,0.014597078690827983,0.0004927218979923272,5.9310076543361845e-06,LEDEVE20250818
81,Leeds,0,1.2470762394368644,0.2469859902013126,0.39551547352211014,0.24776819324202137,0.0867387714271437,0.022991571607412165,Everton,0,0.21209918707609163,0.8035011284336838,0.18140313996984164,0.014597078690827983,0.0004927218979923272,5.9310076543361845e-06,LEDEVE20250818
82,Leeds,0,1.2470762394368644,0.2469859902013126,0.39551547352211014,0.24776819324202137,0.0867387714271437,0.022991571607412165,Everton,0,0.21209918707609163,0.8035011284336838,0.18140313996984164,0.014597078690827983,0.0004927218979923272,5.9310076543361845e-06,LEDEVE20250818
82,Leeds,0,1.2470762394368644,0.2469859902013126,0.39551547352211014,0.24776819324202137,0.0867387714271437,0.022991571607412165,Everton,0,0.21209918707609163,0.8035011284336838,0.18140313996984164,0.014597078690827983,0.0004927218979923272,5.9310076543361845e-06,LEDEVE20250818
82,Leeds,0,1.2470762394368644,0.2469859902013126,0.39551547352211014,0.24776819324202137,0.0867387714271437,0.022991571607412165,Everton,0,0.21209918707609163,0.8035011284336838,0.18140313996984164,0.014597078690827983,0.0004927218979923272,5.9310076543361845e-06,LEDEVE20250818
82,Leeds,0,1.2470762394368644,0.2469859902013126,0.39551547352211014,0.24776819324202137,0.0867387714271437,0.022991571607412165,Everton,0,0.21209918707609163,0.8035011284336838,0.18140313996984164,0.014597078690827983,0.0004927218979923272,5.9310076543361845e-06,LEDEVE20250818
82,Leeds,0,1.2470762394368644,0.2469859902013126,0.39551547352211014,0.24776819324202137,0.0867387714271437,0.022991571607412165,Everton,0,0.21209918707609163,0.8035011284336838,0.18140313996984164,0.014597078690827983,0.0004927218979923272,5.9310076543361845e-06,LEDEVE20250818
83,Leeds,1,2.0082450769841667,0.2093863823909121,0.3729042706899516,0.2702603183583355,0.11125288698989258,0.036196141570908225,Everton,0,0.21209918707609163,0.8035011284336838,0.18140313996984164,0.014597078690827983,0.0004927218979923272,5.9310076543361845e-06,LEDEVE20250818
83,Leeds,1,2.0082450769841667,0.17178677458051161,0.35029306785779296,0.2927524434746497,0.13576700255264146,0.049400711534404285,Everton,0,0.21209918707609163,0.8035011284336838,0.18140313996984164,0.014597078690827983,0.0004927218979923272,5.9310076543361845e-06,LEDEVE20250818
83,Leeds,1,2.0082450769841667,0.1341871667701111,0.3276818650256344,0.31524456859096384,0.16028111811539036,0.06260528149790034,Everton,0,0.21209918707609163,0.8035011284336838,0.18140313996984164,0.014597078690827983,0.0004927218979923272,5.9310076543361845e-06,LEDEVE20250818
83,Leeds,1,2.0082450769841667,0.0965875589597106,0.3050706621934758,0.33773669370727794,0.18479523367813924,0.0758098514613964,Everton,0,0.21209918707609163,0.8035011284336838,0.18140313996984164,0.014597078690827983,0.0004927218979923272,5.9310076543361845e-06,LEDEVE20250818
83,Leeds,1,2.0082450769841667,0.0589879511493101,0.2824594593613172,0.3602288188235921,0.20930934924088812,0.08901442142489246,Everton,0,0.21209918707609163,0.8035011284336838,0.18140313996984164,0.014597078690827983,0.0004927218979923272,5.9310076543361845e-06,LEDEVE20250818
84,Leeds,1,2.0082450769841667,0.0589879511493101,0.2824594593613172,0.3602288188235921,0.20930934924088812,0.08901442142489246,Everton,0,0.21209918707609163,0.8035011284336838,0.18140313996984164,0.014597078690827983,0.0004927218979923272,5.9310076543361845e-06,LEDEVE20250818
84,Leeds,1,2.0082450769841667,0.0589879511493101,0.2824594593613172,0.3602288188235921,0.20930934924088812,0.08901442142489246,Everton,0,0.21209918707609163,0.8035011284336838,0.18140313996984164,0.014597078690827983,0.0004927218979923272,5.9310076543361845e-06,LEDEVE20250818
84,Leeds,1,2.0082450769841667,0.0589879511493101,0.2824594593613172,0.3602288188235921,0.20930934924088812,0.08901442142489246,Everton,0,0.21209918707609163,0.8035011284336838,0.18140313996984164,0.014597078690827983,0.0004927218979923272,5.9310076543361845e-06,LEDEVE20250818
84,Leeds,1,2.0082450769841667,0.0589879511493101,0.2824594593613172,0.3602288188235921,0.20930934924088812,0.08901442142489246,Everton,0,0.21209918707609163,0.8035011284336838,0.18140313996984164,0.014597078690827983,0.0004927218979923272,5.9310076543361845e-06,LEDEVE20250818
84,Leeds,1,2.0082450769841667,0.0589879511493101,0.2824594593613172,0.3602288188235921,0.20930934924088812,0.08901442142489246,Everton,0,0.21209918707609163,0.8035011284336838,0.18140313996984164,0.014597078690827983,0.0004927218979923272,5.9310076543361845e-06,LEDEVE20250818
85,Leeds,1,2.0082450769841667,0.0589879511493101,0.2824594593613172,0.3602288188235921,0.20930934924088812,0.08901442142489246,Everton,0,0.21209918707609163,0.8035011284336838,0.18140313996984164,0.014597078690827983,0.0004927218979923272,5.9310076543361845e-06,LEDEVE20250818
85,Leeds,1,2.0082450769841667,0.0589879511493101,0.2824594593613172,0.3602288188235921,0.20930934924088812,0.08901442142489246,Everton,0,0.21209918707609163,0.8035011284336838,0.18140313996984164,0.014597078690827983,0.0004927218979923272,5.9310076543361845e-06,LEDEVE20250818
85,Leeds,1,2.0082450769841667,0.0589879511493101,0.2824594593613172,0.3602288188235921,0.20930934924088812,0.08901442142489246,Everton,0,0.21209918707609163,0.8035011284336838,0.18140313996984164,0.014597078690827983,0.0004927218979923272,5.9310076543361845e-06,LEDEVE20250818
85,Leeds,1,2.0082450769841667,0.0589879511493101,0.2824594593613172,0.3602288188235921,0.20930934924088812,0.08901442142489246,Everton,0,0.21209918707609163,0.8035011284336838,0.18140313996984164,0.014597078690827983,0.0004927218979923272,5.9310076543361845e-06,LEDEVE20250818
85,Leeds,1,2.0082450769841667,0.0589879511493101,0.2824594593613172,0.3602288188235921,0.20930934924088812,0.08901442142489246,Everton,0,0.21209918707609163,0.8035011284336838,0.18140313996984164,0.014597078690827983,0.0004927218979923272,5.9310076543361845e-06,LEDEVE20250818
86,Leeds,1,2.0082450769841667,0.0589879511493101,0.2824594593613172,0.3602288188235921,0.20930934924088812,0.08901442142489246,Everton,0,0.21209918707609163,0.8035011284336838,0.18140313996984164,0.014597078690827983,0.0004927218979923272,5.9310076543361845e-06,LEDEVE20250818
86,Leeds,1,2.0082450769841667,0.0589879511493101,0.2824594593613172,0.3602288188235921,0.20930934924088812,0.08901442142489246,Everton,0,0.21209918707609163,0.8035011284336838,0.18140313996984164,0.014597078690827983,0.0004927218979923272,5.9310076543361845e-06,LEDEVE20250818
86,Leeds,1,2.0082450769841667,0.0589879511493101,0.2824594593613172,0.3602288188235921,0.20930934924088812,0.08901442142489246,Everton,0,0.21209918707609163,0.8035011284336838,0.18140313996984164,0.014597078690827983,0.0004927218979923272,5.9310076543361845e-06,LEDEVE20250818
86,Leeds,1,2.0082450769841667,0.0589879511493101,0.2824594593613172,0.3602288188235921,0.20930934924088812,0.08901442142489246,Everton,0,0.21209918707609163,0.8035011284336838,0.18140313996984164,0.014597078690827983,0.0004927218979923272,5.9310076543361845e-06,LEDEVE20250818
86,Leeds,1,2.0082450769841667,0.0589879511493101,0.2824594593613172,0.3602288188235921,0.20930934924088812,0.08901442142489246,Everton,0,0.21209918707609163,0.8035011284336838,0.18140313996984164,0.014597078690827983,0.0004927218979923272,5.9310076543361845e-06,LEDEVE20250818
87,Leeds,1,2.0082450769841667,0.0589879511493101,0.2824594593613172,0.3602288188235921,0.20930934924088812,0.08901442142489246,Everton,0,0.6892823874950407,0.7340516316747252,0.22812746861967065,0.03428174820320182,0.0033201632689340956,0.0002189882334683313,LEDEVE20250818
87,Leeds,1,2.0082450769841667,0.0589879511493101,0.2824594593613172,0.3602288188235921,0.20930934924088812,0.08901442142489246,Everton,0,0.6892823874950407,0.6646021349157665,0.2748517972694997,0.05396641771557566,0.006147604639875863,0.0004320454592823264,LEDEVE20250818
87,Leeds,1,2.0082450769841667,0.0589879511493101,0.2824594593613172,0.3602288188235921,0.20930934924088812,0.08901442142489246,Everton,0,0.6892823874950407,0.5951526381568079,0.3215761259193287,0.07365108722794948,0.008975046010817632,0.0006451026850963215,LEDEVE20250818
87,Leeds,1,2.0082450769841667,0.0589879511493101,0.2824594593613172,0.3602288188235921,0.20930934924088812,0.08901442142489246,Everton,0,0.6892823874950407,0.5257031413978492,0.3683004545691577,0.09333575674032332,0.0118024873817594,0.0008581599109103166,LEDEVE20250818
87,Leeds,1,2.0082450769841667,0.0589879511493101,0.2824594593613172,0.3602288188235921,0.20930934924088812,0.08901442142489246,Everton,0,0.6892823874950407,0.45625364463889057,0.4150247832189867,0.11302042625269716,0.014629928752701169,0.0010712171367243117,LEDEVE20250818
88,Leeds,1,2.0082450769841667,0.0589879511493101,0.2824594593613172,0.3602288188235921,0.20930934924088812,0.08901442142489246,Everton,0,0.6892823874950407,0.45625364463889057,0.4150247832189867,0.11302042625269716,0.014629928752701169,0.0010712171367243117,LEDEVE20250818
88,Leeds,1,2.0082450769841667,0.0589879511493101,0.2824594593613172,0.3602288188235921,0.20930934924088812,0.08901442142489246,Everton,0,0.6892823874950407,0.45625364463889057,0.4150247832189867,0.11302042625269716,0.014629928752701169,0.0010712171367243117,LEDEVE20250818
88,Leeds,1,2.0082450769841667,0.0589879511493101,0.2824594593613172,0.3602288188235921,0.20930934924088812,0.08901442142489246,Everton,0,0.6892823874950407,0.45625364463889057,0.4150247832189867,0.11302042625269716,0.014629928752701169,0.0010712171367243117,LEDEVE20250818
88,Leeds,1,2.0082450769841667,0.0589879511493101,0.2824594593613172,0.3602288188235921,0.20930934924088812,0.08901442142489246,Everton,0,0.6892823874950407,0.45625364463889057,0.4150247832189867,0.11302042625269716,0.014629928752701169,0.0010712171367243117,LEDEVE20250818
88,Leeds,1,2.0082450769841667,0.0589879511493101,0.2824594593613172,0.3602288188235921,0.20930934924088812,0.08901442142489246,Everton,0,0.6892823874950407,0.45625364463889057,0.4150247832189867,0.11302042625269716,0.014629928752701169,0.0010712171367243117,LEDEVE20250818
89,Leeds,1,2.0082450769841667,0.0589879511493101,0.2824594593613172,0.3602288188235921,0.20930934924088812,0.08901442142489246,Everton,0,0.6892823874950407,0.45625364463889057,0.4150247832189867,0.11302042625269716,0.014629928752701169,0.0010712171367243117,LEDEVE20250818
89,Leeds,1,2.0082450769841667,0.0589879511493101,0.2824594593613172,0.3602288188235921,0.20930934924088812,0.08901442142489246,Everton,0,0.6892823874950407,0.45625364463889057,0.4150247832189867,0.11302042625269716,0.014629928752701169,0.0010712171367243117,LEDEVE20250818
89,Leeds,1,2.0082450769841667,0.0589879511493101,0.2824594593613172,0.3602288188235921,0.20930934924088812,0.08901442142489246,Everton,0,0.6892823874950407,0.45625364463889057,0.4150247832189867,0.11302042625269716,0.014629928752701169,0.0010712171367243117,LEDEVE20250818
89,Leeds,1,2.0082450769841667,0.0589879511493101,0.2824594593613172,0.3602288188235921,0.20930934924088812,0.08901442142489246,Everton,0,0.6892823874950407,0.45625364463889057,0.4150247832189867,0.11302042625269716,0.014629928752701169,0.0010712171367243117,LEDEVE20250818
89,Leeds,1,2.0082450769841667,0.0589879511493101,0.2824594593613172,0.3602288188235921,0.20930934924088812,0.08901442142489246,Everton,0,0.6892823874950407,0.45625364463889057,0.4150247832189867,0.11302042625269716,0.014629928752701169,0.0010712171367243117,LEDEVE20250818
90,Leeds,1,2.0541028231382366,0.05845290807152421,0.2804265202491521,0.35950081260555344,0.2106703781016027,0.09094938097216754,Everton,0,0.6892823874950407,0.45625364463889057,0.4150247832189867,0.11302042625269716,0.014629928752701169,0.0010712171367243117,LEDEVE20250818
90,Leeds,1,2.0541028231382366,0.05791786499373832,0.278393581136987,0.35877280638751485,0.21203140696231726,0.09288434051944261,Everton,0,0.6892823874950407,0.45625364463889057,0.4150247832189867,0.11302042625269716,0.014629928752701169,0.0010712171367243117,LEDEVE20250818
90,Leeds,1,2.0541028231382366,0.057382821915952426,0.2763606420248218,0.3580448001694762,0.21339243582303183,0.09481930006671768,Everton,0,0.6892823874950407,0.45625364463889057,0.4150247832189867,0.11302042625269716,0.014629928752701169,0.0010712171367243117,LEDEVE20250818
90,Leeds,1,2.0541028231382366,0.05684777883816654,0.2743277029126567,0.3573167939514376,0.2147534646837464,0.09675425961399275,Everton,0,0.6892823874950407,0.45625364463889057,0.4150247832189867,0.11302042625269716,0.014629928752701169,0.0010712171367243117,LEDEVE20250818
90,Leeds,1,2.0541028231382366,0.05631273576038064,0.27229476380049156,0.35658878773339897,0.21611449354446097,0.09868921916126783,Everton,0,0.6892823874950407,0.45625364463889057,0.4150247832189867,0.11302042625269716,0.014629928752701169,0.0010712171367243117,LEDEVE20250818
91,Leeds,1,2.3856260925531383,0.052578939306584874,0.25797415018634784,0.35099970165212396,0.22542859300011445,0.11301861585482884,Everton,0,0.6892823874950407,0.45625364463889057,0.4150247832189867,0.11302042625269716,0.014629928752701169,0.0010712171367243117,LEDEVE20250818
91,Leeds,1,2.3856260925531383,0.048845142852789104,0.24365353657220412,0.3454106155708489,0.23474269245576793,0.12734801254838984,Everton,0,0.6892823874950407,0.45625364463889057,0.4150247832189867,0.11302042625269716,0.014629928752701169,0.0010712171367243117,LEDEVE20250818
91,Leeds,1,2.3856260925531383,0.045111346398993335,0.2293329229580604,0.3398215294895739,0.24405679191142143,0.14167740924195088,Everton,0,0.6892823874950407,0.45625364463889057,0.4150247832189867,0.11302042625269716,0.014629928752701169,0.0010712171367243117,LEDEVE20250818
91,Leeds,1,2.3856260925531383,0.04137754994519757,0.2150123093439167,0.33423244340829883,0.2533708913670749,0.1560068059355119,Everton,0,0.6892823874950407,0.45625364463889057,0.4150247832189867,0.11302042625269716,0.014629928752701169,0.0010712171367243117,LEDEVE20250818
91,Leeds,1,2.3856260925531383,0.0376437534914018,0.200691695729773,0.3286433573270238,0.2626849908227284,0.1703362026290729,Everton,0,0.6892823874950407,0.45625364463889057,0.4150247832189867,0.11302042625269716,0.014629928752701169,0.0010712171367243117,LEDEVE20250818
91,Leeds,1,2.3856260925531383,0.0376437534914018,0.200691695729773,0.3286433573270238,0.2626849908227284,0.1703362026290729,Everton,0,0.6892823874950407,0.45625364463889057,0.4150247832189867,0.11302042625269716,0.014629928752701169,0.0010712171367243117,LEDEVE20250818
91,Leeds,1,2.3856260925531383,0.0376437534914018,0.200691695729773,0.3286433573270238,0.2626849908227284,0.1703362026290729,Everton,0,0.6892823874950407,0.45625364463889057,0.4150247832189867,0.11302042625269716,0.014629928752701169,0.0010712171367243117,LEDEVE20250818
91,Leeds,1,2.3856260925531383,0.0376437534914018,0.200691695729773,0.3286433573270238,0.2626849908227284,0.1703362026290729,Everton,0,0.6892823874950407,0.45625364463889057,0.4150247832189867,0.11302042625269716,0.014629928752701169,0.0010712171367243117,LEDEVE20250818
91,Leeds,1,2.3856260925531383,0.0376437534914018,0.200691695729773,0.3286433573270238,0.2626849908227284,0.1703362026290729,Everton,0,0.6892823874950407,0.45625364463889057,0.4150247832189867,0.11302042625269716,0.014629928752701169,0.0010712171367243117,LEDEVE20250818
91,Leeds,1,2.3856260925531383,0.0376437534914018,0.200691695729773,0.3286433573270238,0.2626849908227284,0.1703362026290729,Everton,0,0.6892823874950407,0.45625364463889057,0.4150247832189867,0.11302042625269716,0.014629928752701169,0.0010712171367243117,LEDEVE20250818
91,Leeds,1,2.3856260925531383,0.0376437534914018,0.200691695729773,0.3286433573270238,0.2626849908227284,0.1703362026290729,Everton,0,0.6892823874950407,0.45625364463889057,0.4150247832189867,0.11302042625269716,0.014629928752701169,0.0010712171367243117,LEDEVE20250818
91,Leeds,1,2.3856260925531383,0.0376437534914018,0.200691695729773,0.3286433573270238,0.2626849908227284,0.1703362026290729,Everton,0,0.6892823874950407,0.45625364463889057,0.4150247832189867,0.11302042625269716,0.014629928752701169,0.0010712171367243117,LEDEVE20250818
91,Leeds,1,2.3856260925531383,0.0376437534914018,0.200691695729773,0.3286433573270238,0.2626849908227284,0.1703362026290729,Everton,0,0.6892823874950407,0.45625364463889057,0.4150247832189867,0.11302042625269716,0.014629928752701169,0.0010712171367243117,LEDEVE20250818
91,Leeds,1,2.3856260925531383,0.0376437534914018,0.200691695729773,0.3286433573270238,0.2626849908227284,0.1703362026290729,Everton,0,0.6892823874950407,0.45625364463889057,0.4150247832189867,0.11302042625269716,0.014629928752701169,0.0010712171367243117,LEDEVE20250818
91,Leeds,1,2.3856260925531383,0.0376437534914018,0.200691695729773,0.3286433573270238,0.2626849908227284,0.1703362026290729,Everton,0,0.6892823874950407,0.45625364463889057,0.4150247832189867,0.11302042625269716,0.014629928752701169,0.0010712171367243117,LEDEVE20250818
91,Leeds,1,2.3856260925531383,0.0376437534914018,0.200691695729773,0.3286433573270238,0.2626849908227284,0.1703362026290729,Everton,0,0.6892823874950407,0.45625364463889057,0.4150247832189867,0.11302042625269716,0.014629928752701169,0.0010712171367243117,LEDEVE20250818
91,Leeds,1,2.3856260925531383,0.0376437534914018,0.200691695729773,0.3286433573270238,0.2626849908227284,0.1703362026290729,Everton,0,0.6892823874950407,0.45625364463889057,0.4150247832189867,0.11302042625269716,0.014629928752701169,0.0010712171367243117,LEDEVE20250818
91,Leeds,1,2.3856260925531383,0.0376437534914018,0.200691695729773,0.3286433573270238,0.2626849908227284,0.1703362026290729,Everton,0,0.6892823874950407,0.45625364463889057,0.4150247832189867,0.11302042625269716,0.014629928752701169,0.0010712171367243117,LEDEVE20250818
91,Leeds,1,2.3856260925531383,0.0376437534914018,0.200691695729773,0.3286433573270238,0.2626849908227284,0.1703362026290729,Everton,0,0.6892823874950407,0.45625364463889057,0.4150247832189867,0.11302042625269716,0.014629928752701169,0.0010712171367243117,LEDEVE20250818
91,Leeds,1,2.3856260925531383,0.0376437534914018,0.200691695729773,0.3286433573270238,0.2626849908227284,0.1703362026290729,Everton,0,0.6892823874950407,0.45625364463889057,0.4150247832189867,0.11302042625269716,0.014629928752701169,0.0010712171367243117,LEDEVE20250818
91,Leeds,1,2.3856260925531383,0.0376437534914018,0.200691695729773,0.3286433573270238,0.2626849908227284,0.1703362026290729,Everton,0,0.6892823874950407,0.45625364463889057,0.4150247832189867,0.11302042625269716,0.014629928752701169,0.0010712171367243117,LEDEVE20250818
91,Leeds,1,2.3856260925531383,0.0376437534914018,0.200691695729773,0.3286433573270238,0.2626849908227284,0.1703362026290729,Everton,0,0.6892823874950407,0.45625364463889057,0.4150247832189867,0.11302042625269716,0.014629928752701169,0.0010712171367243117,LEDEVE20250818
91,Leeds,1,2.3856260925531383,0.0376437534914018,0.200691695729773,0.3286433573270238,0.2626849908227284,0.1703362026290729,Everton,0,0.6892823874950407,0.45625364463889057,0.4150247832189867,0.11302042625269716,0.014629928752701169,0.0010712171367243117,LEDEVE20250818
91,Leeds,1,2.3856260925531383,0.0376437534914018,0.200691695729773,0.3286433573270238,0.2626849908227284,0.1703362026290729,Everton,0,0.6892823874950407,0.45625364463889057,0.4150247832189867,0.11302042625269716,0.014629928752701169,0.0010712171367243117,LEDEVE20250818
91,Leeds,1,2.3856260925531383,0.0376437534914018,0.200691695729773,0.3286433573270238,0.2626849908227284,0.1703362026290729,Everton,0,0.6892823874950407,0.45625364463889057,0.4150247832189867,0.11302042625269716,0.014629928752701169,0.0010712171367243117,LEDEVE20250818
